venue,venue_key,status,query,place,admin1,country_code,country,latitude,longitude,timezone,countries_voted,source,note
"7he Sevens Stadium, Dubai",7he sevens stadium dubai,mapped,Dubai,Dubai,Dubai,AE,United Arab Emirates,25.0772,55.3093,Asia/Dubai,IE GB IT TH,open-meteo-geocoding,country not among the archive's votes
"ACA Stadium, Barsapara",aca stadium barsapara,mapped,Guwahati,Guwahati,Assam,IN,India,26.1844,91.7458,Asia/Kolkata,IN,open-meteo-geocoding,"hand-curated: the ground's city, country pinned"
"ACA Stadium,Mangalagiri",aca stadium mangalagiri,mapped,Mangalagiri,Mangalagiri,Andhra Pradesh,IN,India,16.4308,80.5682,Asia/Kolkata,IN,open-meteo-geocoding,
AMI Stadium,ami stadium,mapped,Christchurch,Christchurch,Canterbury,NZ,New Zealand,-43.5333,172.6333,Pacific/Auckland,NZ IN AU PK LK GB BD,open-meteo-geocoding,
"Abhimanyu Cricket Academy, Dehradun",abhimanyu cricket academy dehradun,mapped,Dehradun,Dehradun,Uttarakhand,IN,India,30.3244,78.0339,Asia/Kolkata,IN,open-meteo-geocoding,
Abu Dhabi Oval 1,abu dhabi oval 1,mapped,Abu Dhabi,Abu Dhabi,Abu Dhabi Emirate,AE,United Arab Emirates,24.4512,54.3970,Asia/Dubai,HK IT UG NA US CA,open-meteo-geocoding,country not among the archive's votes
Abu Dhabi Oval 2,abu dhabi oval 2,mapped,Abu Dhabi,Abu Dhabi,Abu Dhabi Emirate,AE,United Arab Emirates,24.4512,54.3970,Asia/Dubai,IE GB AE HK US,open-meteo-geocoding,
"Achimota Senior Secondary School A Field, Accra",achimota senior secondary school a field accra,mapped,Accra,Accra,Greater Accra Region,GH,Ghana,5.5560,-0.1969,Africa/Accra,ZW NA ZA UG TZ NG GH MW KE SC SZ,open-meteo-geocoding,
"Achimota Senior Secondary School B Field, Accra",achimota senior secondary school b field accra,mapped,Accra,Accra,Greater Accra Region,GH,Ghana,5.5560,-0.1969,Africa/Accra,TZ NG GH NA UG SZ KE SC RW MW,open-meteo-geocoding,
Adelaide Oval,adelaide oval,mapped,Adelaide,Adelaide,South Australia,AU,Australia,-34.9287,138.5986,Australia/Adelaide,AU GB IN LK ZA PK NZ JM TT BB GY LC VC AG GD KN DM BD NL IE ZW,open-meteo-geocoding,
Adelaide Oval No. 2,adelaide oval no 2,mapped,Adelaide,Adelaide,South Australia,AU,Australia,-34.9287,138.5986,Australia/Adelaide,AU,open-meteo-geocoding,"hand-curated: the ground's city, country pinned"
Affies Park,affies park,mapped,Windhoek,Windhoek,Khomas Region,NA,Namibia,-22.5594,17.0832,Africa/Windhoek,CA NA NP OM KE UG AE HK PG US ZW NL,open-meteo-geocoding,
Aigburth,aigburth,mapped,Liverpool,Liverpool,England,GB,United Kingdom,53.4106,-2.9779,Europe/London,GB,open-meteo-geocoding,
"Aigburth, Liverpool",aigburth liverpool,mapped,Liverpool,Liverpool,England,GB,United Kingdom,53.4106,-2.9779,Europe/London,GB,open-meteo-geocoding,
"Airforce Complex ground, Palam",airforce complex ground palam,mapped,Palam,Pālam,National Capital Territory of Delhi,IN,India,28.5886,77.0786,Asia/Kolkata,IN,open-meteo-geocoding,
"Airforce Complex ground, Palam II",airforce complex ground palam ii,mapped,New Delhi,New Delhi,National Capital Territory of Delhi,IN,India,28.6214,77.2148,Asia/Kolkata,IN,open-meteo-geocoding,"hand-curated: the ground's city, country pinned"
Al Amerat Cricket Ground Oman Cricket (Ministry Turf 1),al amerat cricket ground oman cricket ministry turf 1,mapped,Al Amarat,Al Amarat,Muscat,OM,Oman,23.5242,58.4975,Asia/Muscat,OM AE NP BH GB KW NL SA IE QA US NA PG CA HK DE SG WS JP DK BD KH KE UG MY MV,open-meteo-geocoding,
Al Amerat Cricket Ground Oman Cricket (Ministry Turf 2),al amerat cricket ground oman cricket ministry turf 2,mapped,Al Amarat,Al Amarat,Muscat,OM,Oman,23.5242,58.4975,Asia/Muscat,OM BH AE QA SA KW DK PH PG GB MY UG SG NP KE US DE IE HK JP IR CA KH WS,open-meteo-geocoding,
Al Dhaid Cricket Village,al dhaid cricket village,mapped,Sharjah,Sharjah city,Emirate of Sharjah,AE,United Arab Emirates,25.3342,55.4122,Asia/Dubai,GB MY MV KW SA OM SG,open-meteo-geocoding,"hand-curated: the ground's city, country pinned"
Albert Park 1,albert park 1,mapped,Suva,Suva,Central,FJ,Fiji,-18.1368,178.4253,Pacific/Fiji,FJ VU PG WS,open-meteo-geocoding,
"Albert Park 1, Suva",albert park 1 suva,mapped,Suva,Suva,Central,FJ,Fiji,-18.1368,178.4253,Pacific/Fiji,FJ JP CK VU ID WS PG PH,open-meteo-geocoding,
Albert Park 2,albert park 2,mapped,Suva,Suvat,Madang Province,PG,Papua New Guinea,-4.4797,145.2238,Pacific/Port_Moresby,PG WS VU FJ,open-meteo-geocoding,
"Albert Park 2, Suva",albert park 2 suva,mapped,Suva,Suvat,Madang Province,PG,Papua New Guinea,-4.4797,145.2238,Pacific/Port_Moresby,JP PH PG WS ID FJ CK VU,open-meteo-geocoding,
Albertslund Cricket Club,albertslund cricket club,mapped,Copenhagen,Copenhagen,Capital Region,DK,Denmark,55.6759,12.5655,Europe/Copenhagen,DK SE NO FI,open-meteo-geocoding,
Alembic 1 Cricket Ground,alembic 1 cricket ground,mapped,Vadodara,Vadodara,Gujarat,IN,India,22.2994,73.2081,Asia/Kolkata,IN,open-meteo-geocoding,"hand-curated: the ground's city, country pinned"
Alembic 2  Cricket Ground,alembic 2 cricket ground,mapped,Vadodara,Vadodara,Gujarat,IN,India,22.2994,73.2081,Asia/Kolkata,IN,open-meteo-geocoding,"hand-curated: the ground's city, country pinned"
Allan Border Field,allan border field,mapped,Brisbane,Brisbane,Queensland,AU,Australia,-27.4679,153.0281,Australia/Brisbane,AU NZ LK GB,open-meteo-geocoding,
"Allan Border Field, Brisbane",allan border field brisbane,mapped,Brisbane,Brisbane,Queensland,AU,Australia,-27.4679,153.0281,Australia/Brisbane,AU IN PK JM TT BB GY LC VC AG GD KN DM NZ,open-meteo-geocoding,
Alur Cricket Stadium,alur cricket stadium,mapped,Bengaluru,Bengaluru,Karnataka,IN,India,12.9719,77.5937,Asia/Kolkata,IN,open-meteo-geocoding,"hand-curated: the ground's city, country pinned"
Alur Cricket Stadium II,alur cricket stadium ii,mapped,Bengaluru,Bengaluru,Karnataka,IN,India,12.9719,77.5937,Asia/Kolkata,IN,open-meteo-geocoding,"hand-curated: the ground's city, country pinned"
Alur Cricket Stadium III,alur cricket stadium iii,mapped,Bengaluru,Bengaluru,Karnataka,IN,India,12.9719,77.5937,Asia/Kolkata,IN,open-meteo-geocoding,"hand-curated: the ground's city, country pinned"
Amini Park,amini park,mapped,Port Moresby,Port Moresby,National Capital,PG,Papua New Guinea,-9.4772,147.1509,Pacific/Port_Moresby,PG PH VU NA KE,open-meteo-geocoding,
"Amini Park, Port Moresby",amini park port moresby,mapped,Port Moresby,Port Moresby,National Capital,PG,Papua New Guinea,-9.4772,147.1509,Pacific/Port_Moresby,PG VU JP PH TH US NA WS AE,open-meteo-geocoding,
"Ampleforth College, Ampleforth",ampleforth college ampleforth,mapped,York,York,England,GB,United Kingdom,53.9576,-1.0827,Europe/London,GB,open-meteo-geocoding,
Andhra Cricket Association-Visakhapatnam District Cricket Association Stadium,andhra cricket association visakhapatnam district cricket association stadium,mapped,Visakhapatnam,Visakhapatnam,Andhra Pradesh,IN,India,17.6801,83.2016,Asia/Kolkata,IN LK,open-meteo-geocoding,
Antigua Recreation Ground,antigua recreation ground,mapped,St John's,St John's,Saint John Parish,AG,Antigua and Barbuda,17.1210,-61.8433,America/Antigua,JM TT BB GY LC VC AG GD KN DM ZA GB,open-meteo-geocoding,
"Antigua Recreation Ground, St John's",antigua recreation ground st john s,mapped,Antigua,Antigua,,AG,Antigua and Barbuda,17.0761,-61.7954,America/Antigua,JM TT BB GY LC VC AG GD KN DM ZW IN GB,open-meteo-geocoding,
"Antigua Recreation Ground, St John's, Antigua",antigua recreation ground st john s antigua,mapped,St John's,St John's,Saint John Parish,AG,Antigua and Barbuda,17.1210,-61.8433,America/Antigua,AU JM TT BB GY LC VC AG GD KN DM,open-meteo-geocoding,
Arbab Niaz Stadium,arbab niaz stadium,mapped,Peshawar,Peshawar,Khyber Pakhtunkhwa,PK,Pakistan,34.0080,71.5785,Asia/Karachi,PK IN ZW,open-meteo-geocoding,
"Army Ground, Panagoda",army ground panagoda,mapped,Panagoda,Panagoda,Uva Province,LK,Sri Lanka,6.9671,81.1447,Asia/Colombo,LK,open-meteo-geocoding,
Arnos Vale Ground,arnos vale ground,mapped,Kingstown,Kingstown,Saint George Parish,VC,Saint Vincent and the Grenadines,13.1553,-61.2274,America/St_Vincent,BD JM TT BB GY LC VC AG GD KN DM,open-meteo-geocoding,
"Arnos Vale Ground, Kingstown",arnos vale ground kingstown,mapped,Kingstown,Kingstown,Saint George Parish,VC,Saint Vincent and the Grenadines,13.1553,-61.2274,America/St_Vincent,JM TT BB GY LC VC AG GD KN DM ZW AU PK BD,open-meteo-geocoding,"hand-curated: the ground's city, country pinned"
"Arnos Vale Ground, Kingstown, St Vincent",arnos vale ground kingstown st vincent,mapped,Kingstown,Kingstown,Saint George Parish,VC,Saint Vincent and the Grenadines,13.1553,-61.2274,America/St_Vincent,JM TT BB GY LC VC AG GD KN DM BD AU US NP NL ZA LK,open-meteo-geocoding,
Arun Jaitley Stadium,arun jaitley stadium,mapped,Delhi,Delhi,National Capital Territory of Delhi,IN,India,28.6519,77.2315,Asia/Kolkata,IN PK NZ LK AU BD,open-meteo-geocoding,
"Arun Jaitley Stadium, Delhi",arun jaitley stadium delhi,mapped,Delhi,Delhi,National Capital Territory of Delhi,IN,India,28.6519,77.2315,Asia/Kolkata,IN ZA AU LK NL BD NA AE JM TT BB GY LC VC AG GD KN DM CA ZW,open-meteo-geocoding,
Arundel Castle Cricket Club Ground,arundel castle cricket club ground,mapped,Arundel,Arundel,England,GB,United Kingdom,50.8542,-0.5539,Europe/London,GB JM TT BB GY LC VC AG GD KN DM,open-meteo-geocoding,
Asgiriya Stadium,asgiriya stadium,mapped,Kandy,Kandy,Central Province,LK,Sri Lanka,7.2906,80.6336,Asia/Colombo,LK PK GB BD,open-meteo-geocoding,
Ashlyns Road,ashlyns road,mapped,Frinton-on-Sea,Frinton-on-Sea,England,GB,United Kingdom,51.8306,1.2442,Europe/London,GG KY VU BW NO,open-meteo-geocoding,country not among the archive's votes
Asian Institute of Technology Ground,asian institute of technology ground,mapped,Bangkok,Bangkok,Bangkok,TH,Thailand,13.7540,100.5014,Asia/Bangkok,HK CN NP KW AE TH MY PG NL GB ZW IN PK IE BD,open-meteo-geocoding,
"Asian Institute of Technology Ground, Bangkok",asian institute of technology ground bangkok,mapped,Bangkok,Bangkok,Bangkok,TH,Thailand,13.7540,100.5014,Asia/Bangkok,AE NA TZ GB PG TH UG NL MY NP HK,open-meteo-geocoding,
Aurora Stadium,aurora stadium,mapped,Launceston,Launceston,Tasmania,AU,Australia,-41.4388,147.1347,Australia/Hobart,AU,open-meteo-geocoding,
"Aurora Stadium, Launceston",aurora stadium launceston,mapped,Launceston,Launceston,Tasmania,AU,Australia,-41.4388,147.1347,Australia/Hobart,AU,open-meteo-geocoding,
BKC Ground,bkc ground,mapped,Mumbai,Mumbai,Maharashtra,IN,India,19.0728,72.8826,Asia/Kolkata,IN,open-meteo-geocoding,"hand-curated: the ground's city, country pinned"
"Ballpark Ground, Graz",ballpark ground graz,mapped,Graz,Graz,Styria,AT,Austria,47.0673,15.4420,Europe/Vienna,SI AT,open-meteo-geocoding,
Bangabandhu National Stadium,bangabandhu national stadium,mapped,Dhaka,Dhaka,Dhaka Division,BD,Bangladesh,23.7104,90.4074,Asia/Dhaka,BD IN ZW,open-meteo-geocoding,
"Bangabandhu National Stadium, Dhaka",bangabandhu national stadium dhaka,mapped,Dhaka,Dhaka,Dhaka Division,BD,Bangladesh,23.7104,90.4074,Asia/Dhaka,BD GB IN ZA,open-meteo-geocoding,
"Banks Field, Vinor",banks field vinor,mapped,Prague,Prague,Prague,CZ,Czechia,50.0880,14.4208,Europe/Prague,NO LU CZ,open-meteo-geocoding,
Bankstown Oval,bankstown oval,mapped,Sydney,Sydney,New South Wales,AU,Australia,-33.8678,151.2073,Australia/Sydney,AU,open-meteo-geocoding,
"Bankstown Oval, Sydney",bankstown oval sydney,mapped,Sydney,Sydney,New South Wales,AU,Australia,-33.8678,151.2073,Australia/Sydney,AU GB,open-meteo-geocoding,
Barabati Stadium,barabati stadium,mapped,Cuttack,Cuttack,Odisha,IN,India,20.4650,85.8793,Asia/Kolkata,IN LK GB JM TT BB GY LC VC AG GD KN DM ZA,open-meteo-geocoding,
"Barabati Stadium, Cuttack",barabati stadium cuttack,mapped,Cuttack,Cuttack,Odisha,IN,India,20.4650,85.8793,Asia/Kolkata,IN ZA GB NZ,open-meteo-geocoding,
Barsapara Cricket Stadium,barsapara cricket stadium,mapped,Guwahati,Guwahati,Assam,IN,India,26.1844,91.7458,Asia/Kolkata,IN GB AU JM TT BB GY LC VC AG GD KN DM,open-meteo-geocoding,
"Barsapara Cricket Stadium, Guwahati",barsapara cricket stadium guwahati,mapped,Guwahati,Guwahati,Assam,IN,India,26.1844,91.7458,Asia/Kolkata,IN ZA GB LK NZ BD AU,open-meteo-geocoding,
Basin Reserve,basin reserve,mapped,Wellington,Wellington,Wellington Region,NZ,New Zealand,-41.2866,174.7756,Pacific/Auckland,NZ PK BD ZA AU JM TT BB GY LC VC AG GD KN DM IN LK GB,open-meteo-geocoding,
"Basin Reserve, Wellington",basin reserve wellington,mapped,Wellington,Wellington,Wellington Region,NZ,New Zealand,-41.2866,174.7756,Pacific/Auckland,NZ AU GB ZA JM TT BB GY LC VC AG GD KN DM LK BD,open-meteo-geocoding,
Bay Oval,bay oval,mapped,Mount Maunganui,Mount Maunganui,Bay of Plenty,NZ,New Zealand,-37.6417,176.1861,Pacific/Auckland,NZ JM TT BB GY LC VC AG GD KN DM AU IN LK ZA BD GB PK CA NL,open-meteo-geocoding,
"Bay Oval, Mount Maunganui",bay oval mount maunganui,mapped,Mount Maunganui,Mount Maunganui,Bay of Plenty,NZ,New Zealand,-37.6417,176.1861,Pacific/Auckland,NZ AU PK ZA GB BD JM TT BB GY LC VC AG GD KN DM IN LK NL,open-meteo-geocoding,
Bayer Uerdingen Cricket Ground,bayer uerdingen cricket ground,mapped,Krefeld,Krefeld,North Rhine-Westphalia,DE,Germany,51.3364,6.5538,Europe/Berlin,DE NO AT SE FR JE BE IT RS GI HR SI,open-meteo-geocoding,
Bayuemas Oval,bayuemas oval,mapped,Kuala Lumpur,Kuala Lumpur,Kuala Lumpur,MY,Malaysia,3.1412,101.6865,Asia/Kuala_Lumpur,NP SG MY MM TH US BM CN KY UG BT TZ DK JE HK,open-meteo-geocoding,
"Bayuemas Oval, Kuala Lumpur",bayuemas oval kuala lumpur,mapped,Kuala Lumpur,Kuala Lumpur,Kuala Lumpur,MY,Malaysia,3.1412,101.6865,Asia/Kuala_Lumpur,MY TH HK BH NP KW SG MM ID CN AE SA VU BT PG MV MN JP TZ DK CA QA PH,open-meteo-geocoding,
"Beausejour Stadium, Gros Islet",beausejour stadium gros islet,mapped,Gros Islet,Gros Islet,Gros-Islet,LC,Saint Lucia,14.0667,-60.9500,America/St_Lucia,JM TT BB GY LC VC AG GD KN DM PK AU GB NZ ZA IN LK ZW CA KE BD,open-meteo-geocoding,
"Belgrano Athletic Club Ground, Buenos Aires",belgrano athletic club ground buenos aires,mapped,Buenos Aires,Buenos Aires,Buenos Aires F.D.,AR,Argentina,-34.6131,-58.3772,America/Argentina/Buenos_Aires,BM AR BS PA KY BR MX BZ,open-meteo-geocoding,
Bellerive Oval,bellerive oval,mapped,Hobart,Hobart,Tasmania,AU,Australia,-42.8794,147.3294,Australia/Hobart,AU GB LK ZA NZ IN JM TT BB GY LC VC AG GD KN DM ZW PK IE,open-meteo-geocoding,
"Bellerive Oval, Hobart",bellerive oval hobart,mapped,Hobart,Hobart,Tasmania,AU,Australia,-42.8794,147.3294,Australia/Hobart,AU GB JM TT BB GY LC VC AG GD KN DM ZW IE IN ZA PK LK BD NL,open-meteo-geocoding,
Bermuda National Stadium,bermuda national stadium,mapped,Hamilton,Hamilton,Ohio,US,United States,39.3995,-84.5613,America/New_York,US BM,open-meteo-geocoding,
Bert Sutcliffe Oval,bert sutcliffe oval,mapped,Rolleston,Rolleston,Canterbury,NZ,New Zealand,-43.5833,172.3833,Pacific/Auckland,NZ PK JM TT BB GY LC VC AG GD KN DM LK NL KE,open-meteo-geocoding,"hand-curated: Lincoln, Canterbury is not in the geocoder; placed at the nearest town it has, country pinned"
"Bert Sutcliffe Oval, Lincoln",bert sutcliffe oval lincoln,mapped,Rolleston,Rolleston,Canterbury,NZ,New Zealand,-43.5833,172.3833,Pacific/Auckland,NZ,open-meteo-geocoding,"hand-curated: Lincoln, Canterbury is not in the geocoder; placed at the nearest town it has, country pinned"
Bharat Ratna Shri Atal Bihari Vajpai Ekana Cricket Stadium,bharat ratna shri atal bihari vajpai ekana cricket stadium,mapped,Lucknow,Lucknow,Uttar Pradesh,IN,India,26.8393,80.9231,Asia/Kolkata,IN ZA,open-meteo-geocoding,
Bharat Ratna Shri Atal Bihari Vajpayee Ekana Cricket Stadium,bharat ratna shri atal bihari vajpayee ekana cricket stadium,mapped,Lucknow,Lucknow,Uttar Pradesh,IN,India,26.8393,80.9231,Asia/Kolkata,IN ZA JM TT BB GY LC VC AG GD KN DM,open-meteo-geocoding,
Bharat Ratna Shri Atal Bihari Vajpayee Ekana Cricket Stadium B,bharat ratna shri atal bihari vajpayee ekana cricket stadium b,mapped,Lucknow,Lucknow,Uttar Pradesh,IN,India,26.8393,80.9231,Asia/Kolkata,IN,open-meteo-geocoding,"hand-curated: the ground's city, country pinned"
"Bharat Ratna Shri Atal Bihari Vajpayee Ekana Cricket Stadium, Lucknow",bharat ratna shri atal bihari vajpayee ekana cricket stadium lucknow,mapped,Lucknow,Lucknow,Uttar Pradesh,IN,India,26.8393,80.9231,Asia/Kolkata,IN LK ZA AU NZ NL GB,open-meteo-geocoding,
"Bir Sreshtho Flight Lieutenant Matiur Rahman Stadium, Chattogram",bir sreshtho flight lieutenant matiur rahman stadium chattogram,mapped,Chattogram,Chittagong,Chittagong,BD,Bangladesh,22.3384,91.8317,Asia/Dhaka,BD JM TT BB GY LC VC AG GD KN DM IE GB AU NZ,open-meteo-geocoding,
Blacktown International Sportspark,blacktown international sportspark,mapped,Sydney,Sydney,New South Wales,AU,Australia,-33.8678,151.2073,Australia/Sydney,AU,open-meteo-geocoding,
"Blacktown International Sportspark, Sydney",blacktown international sportspark sydney,mapped,Sydney,Sydney,New South Wales,AU,Australia,-33.8678,151.2073,Australia/Sydney,AU,open-meteo-geocoding,
"Bloomfield Cricket and Athletic Club Ground, Colombo",bloomfield cricket and athletic club ground colombo,mapped,Colombo,Colombo,Western Province,LK,Sri Lanka,6.9355,79.8487,Asia/Colombo,LK,open-meteo-geocoding,
Boland Bank Park,boland bank park,mapped,Paarl,Paarl,Western Cape,ZA,South Africa,-33.7338,18.9752,Africa/Johannesburg,ZA JM TT BB GY LC VC AG GD KN DM,open-meteo-geocoding,
"Boland Bank Park, Paarl",boland bank park paarl,mapped,Paarl,Paarlo,Limburg,NL,The Netherlands,51.1433,6.0347,Europe/Amsterdam,NL IN CA LK PK,open-meteo-geocoding,
Boland Park,boland park,mapped,Paarl,Paarl,Western Cape,ZA,South Africa,-33.7338,18.9752,Africa/Johannesburg,ZA NZ ZW GB BD AU LK,open-meteo-geocoding,
"Boland Park, Paarl",boland park paarl,mapped,Paarl,Paarl,Western Cape,ZA,South Africa,-33.7338,18.9752,Africa/Johannesburg,ZA GB IN JM TT BB GY LC VC AG GD KN DM NZ IE PK AU LK,open-meteo-geocoding,
"Botkyrka Cricket Center, Stockholm",botkyrka cricket center stockholm,mapped,Stockholm,Stockholm,Stockholm County,SE,Sweden,59.3294,18.0687,Europe/Stockholm,SE AT NO FI FR PT,open-meteo-geocoding,
Botswana Cricket Association Oval 1,botswana cricket association oval 1,mapped,Gaborone,Gaborone,Gaborone,BW,Botswana,-24.6545,25.9086,Africa/Gaborone,BW LS SL NA MZ MW,open-meteo-geocoding,
"Botswana Cricket Association Oval 1, Gaborone",botswana cricket association oval 1 gaborone,mapped,Gaborone,Gaborone,Gaborone,BW,Botswana,-24.6545,25.9086,Africa/Gaborone,BW MZ RW SL LS SZ MW KE CM TZ BR ZW ZM ML NA UG,open-meteo-geocoding,
Botswana Cricket Association Oval 2,botswana cricket association oval 2,mapped,Gaborone,Gaborone,Gaborone,BW,Botswana,-24.6545,25.9086,Africa/Gaborone,NA MW LS MZ BW SL,open-meteo-geocoding,
"Botswana Cricket Association Oval 2, Gaborone",botswana cricket association oval 2 gaborone,mapped,Gaborone,Gaborone,Gaborone,BW,Botswana,-24.6545,25.9086,Africa/Gaborone,BW MZ LS SL CM SZ RW MW KE ZM NG BR ML UG NA ZW,open-meteo-geocoding,
"Boughton Hall Cricket Club Ground, Chester",boughton hall cricket club ground chester,mapped,Chester,Chester,England,GB,United Kingdom,53.1905,-2.8919,Europe/London,GB,open-meteo-geocoding,
Brabourne Stadium,brabourne stadium,mapped,Mumbai,Mumbai,Maharashtra,IN,India,19.0728,72.8826,Asia/Kolkata,IN AU GB JM TT BB GY LC VC AG GD KN DM LK NZ ZA,open-meteo-geocoding,
"Brabourne Stadium, Mumbai",brabourne stadium mumbai,mapped,Mumbai,Mumbai,Maharashtra,IN,India,19.0728,72.8826,Asia/Kolkata,IN AU,open-meteo-geocoding,
Bradman Oval,bradman oval,mapped,Bowral,Bowral,New South Wales,AU,Australia,-34.4775,150.4204,Australia/Sydney,AU JM TT BB GY LC VC AG GD KN DM,open-meteo-geocoding,
"Bradman Oval, Bowral",bradman oval bowral,mapped,Bowral,Bowral,New South Wales,AU,Australia,-34.4775,150.4204,Australia/Sydney,AU GB,open-meteo-geocoding,
Bready,bready,mapped,Derry,Derry,Connacht,IE,Ireland,53.6297,-9.8411,Europe/Dublin,ZW IE GB,open-meteo-geocoding,
"Bready Cricket Club, Magheramason",bready cricket club magheramason,mapped,Londonderry,Londonderry,Northern Ireland,GB,United Kingdom,54.9981,-7.3093,Europe/London,GB IE ZW JE HK PG US BD,open-meteo-geocoding,
"Bready Cricket Club, Magheramason, Bready",bready cricket club magheramason bready,mapped,Bready,Bready,Northern Ireland,GB,United Kingdom,54.9154,-7.4193,Europe/London,IE GB ZW AU JM TT BB GY LC VC AG GD KN DM PK,open-meteo-geocoding,
"Brian Lara Stadium, Tarouba",brian lara stadium tarouba,mapped,Trinidad,Trinidad,,TT,Trinidad and Tobago,10.4611,-61.2570,America/Port_of_Spain,JM TT BB GY LC VC AG GD KN DM US ZA,open-meteo-geocoding,
"Brian Lara Stadium, Tarouba, Trinidad",brian lara stadium tarouba trinidad,mapped,Tarouba,Tarouba,Princes Town,TT,Trinidad and Tobago,10.2748,-61.4342,America/Port_of_Spain,JM TT BB GY LC VC AG GD KN DM US PK IN NZ ZA GB UG PG,open-meteo-geocoding,
Brisbane Cricket Ground,brisbane cricket ground,mapped,Brisbane,Brisbane,Queensland,AU,Australia,-27.4679,153.0281,Australia/Brisbane,AU IN NZ ZW,open-meteo-geocoding,
"Brisbane Cricket Ground, Woolloongabba",brisbane cricket ground woolloongabba,mapped,Brisbane,Brisbane,Queensland,AU,Australia,-27.4679,153.0281,Australia/Brisbane,AU GB LK IN PK ZA NZ JM TT BB GY LC VC AG GD KN DM IE AE ZW,open-meteo-geocoding,
"Brisbane Cricket Ground, Woolloongabba, Brisbane",brisbane cricket ground woolloongabba brisbane,mapped,Brisbane,Brisbane,Queensland,AU,Australia,-27.4679,153.0281,Australia/Brisbane,AU GB IN JM TT BB GY LC VC AG GD KN DM BD ZW IE NZ ZA PK LK,open-meteo-geocoding,
"Brunton Memorial Ground, Radlett",brunton memorial ground radlett,mapped,Radlett,Radlett,England,GB,United Kingdom,51.6859,-0.3187,Europe/London,GB,open-meteo-geocoding,
Buffalo Park,buffalo park,mapped,East London,East London,Eastern Cape,ZA,South Africa,-33.0153,27.9116,Africa/Johannesburg,ZA IN ZW JM TT BB GY LC VC AG GD KN DM KE NL GB BD LK NZ,open-meteo-geocoding,
"Buffalo Park, East London",buffalo park east london,mapped,East London,East London,Eastern Cape,ZA,South Africa,-33.0153,27.9116,Africa/Johannesburg,ZA JM TT BB GY LC VC AG GD KN DM IN LK GB NZ BD IE NL CA ZW,open-meteo-geocoding,
Bulawayo Athletic Club,bulawayo athletic club,mapped,Bulawayo,Bulawayo,Bulawayo,ZW,Zimbabwe,-20.1500,28.5833,Africa/Harare,HK GB US SG PG OM AE JE UG IE NP NL,open-meteo-geocoding,country not among the archive's votes
"Bundaberg Rum Stadium, Cairns",bundaberg rum stadium cairns,mapped,Cairns,Cairns,Queensland,AU,Australia,-16.9237,145.7661,Australia/Brisbane,BD AU,open-meteo-geocoding,
"Burgher Recreation Club Ground, Colombo",burgher recreation club ground colombo,mapped,Colombo,Colombo,Western Province,LK,Sri Lanka,6.9355,79.8487,Asia/Colombo,LK,open-meteo-geocoding,
C B Patel Ground,c b patel ground,mapped,Surat,Surat,Gujarat,IN,India,21.1959,72.8302,Asia/Kolkata,IN,open-meteo-geocoding,"hand-curated: the ground's city, country pinned"
Camberwell Sports Ground,camberwell sports ground,mapped,Melbourne,Melbourne,Victoria,AU,Australia,-37.8140,144.9633,Australia/Melbourne,AU,open-meteo-geocoding,
Cambusdoon New Ground,cambusdoon new ground,mapped,Ayr,Ayr,Scotland,GB,United Kingdom,55.4627,-4.6339,Europe/London,GB KE AE,open-meteo-geocoding,
"Cambusdoon New Ground, Ayr",cambusdoon new ground ayr,mapped,Ayr,Ayr,Scotland,GB,United Kingdom,55.4627,-4.6339,Europe/London,NA NP,open-meteo-geocoding,country not among the archive's votes
"Campbell Park, Milton Keynes",campbell park milton keynes,mapped,Milton Keynes,Milton Keynes,England,GB,United Kingdom,52.0417,-0.7558,Europe/London,GB,open-meteo-geocoding,
Canterbury Park,canterbury park,mapped,Bendigo,Bendigo,Victoria,AU,Australia,-36.7582,144.2802,Australia/Melbourne,VU PH ID WS,open-meteo-geocoding,country not among the archive's votes
Captain Roop Singh Stadium,captain roop singh stadium,mapped,Gwalior,Gwalior,Madhya Pradesh,IN,India,26.2298,78.1734,Asia/Kolkata,IN PK ZA,open-meteo-geocoding,
"Captain Roop Singh Stadium, Gwalior",captain roop singh stadium gwalior,mapped,Gwalior,Gwalior,Madhya Pradesh,IN,India,26.2298,78.1734,Asia/Kolkata,IN AU,open-meteo-geocoding,
Carisbrook,carisbrook,mapped,Dunedin,Dunedin,Western Cape,ZA,South Africa,-31.9667,22.4333,Africa/Johannesburg,ZA NZ,open-meteo-geocoding,
Carrara Oval,carrara oval,mapped,Carrara,Carrara,Queensland,AU,Australia,-28.0215,153.3664,Australia/Brisbane,AU IN ZA JM TT BB GY LC VC AG GD KN DM,open-meteo-geocoding,
"Casey Fields No 4, Melbourne",casey fields no 4 melbourne,mapped,Melbourne,Melbourne,Victoria,AU,Australia,-37.8140,144.9633,Australia/Melbourne,AU,open-meteo-geocoding,
Casey Fields No. 4,casey fields no 4,mapped,Melbourne,Melbourne,Victoria,AU,Australia,-37.8140,144.9633,Australia/Melbourne,AU,open-meteo-geocoding,
Castle Avenue,castle avenue,mapped,Dublin,Dublin,Leinster,IE,Ireland,53.3331,-6.2489,Europe/Dublin,GB IE JM TT BB GY LC VC AG GD KN DM BD,open-meteo-geocoding,
"Castle Avenue, Dublin",castle avenue dublin,mapped,Dublin,Dublin,Leinster,IE,Ireland,53.3331,-6.2489,Europe/Dublin,GB IE JM TT BB GY LC VC AG GD KN DM PK ZW ZA AU,open-meteo-geocoding,
Castle Park Cricket Ground,castle park cricket ground,mapped,Colchester,Colchester,England,GB,United Kingdom,51.8892,0.9042,Europe/London,FJ GB GG,open-meteo-geocoding,
"Castle Park Cricket Ground, Colchester",castle park cricket ground colchester,mapped,Colchester,Colchester,England,GB,United Kingdom,51.8892,0.9042,Europe/London,GB,open-meteo-geocoding,
Cazaly's Stadium,cazaly s stadium,mapped,Cairns,Cairns,Queensland,AU,Australia,-16.9237,145.7661,Australia/Brisbane,AU,open-meteo-geocoding,
"Cazaly's Stadium, Cairns",cazaly s stadium cairns,mapped,Cairns,Cairns,Queensland,AU,Australia,-16.9237,145.7661,Australia/Brisbane,AU NZ ZA,open-meteo-geocoding,
Cello Basin Reserve,cello basin reserve,mapped,Wellington,Wellington,Wellington Region,NZ,New Zealand,-41.2866,174.7756,Pacific/Auckland,NZ,open-meteo-geocoding,"hand-curated: the ground's city, country pinned"
Central Broward Regional Park Stadium Turf Ground,central broward regional park stadium turf ground,mapped,Lauderhill,Lauderhill,Florida,US,United States,26.1404,-80.2134,America/New_York,JM TT BB GY LC VC AG GD KN DM US IN PG NZ NA BD CA LK,open-meteo-geocoding,
"Central Broward Regional Park Stadium Turf Ground, Lauderhill",central broward regional park stadium turf ground lauderhill,mapped,Lauderhill,Lauderhill,Florida,US,United States,26.1404,-80.2134,America/New_York,US JM TT BB GY LC VC AG GD KN DM IN PK CA OM IE GB,open-meteo-geocoding,
"Centre for Cricket Development Ground, Windhoek",centre for cricket development ground windhoek,mapped,Windhoek,Windhoek,Khomas Region,NA,Namibia,-22.5594,17.0832,Africa/Windhoek,ZW NA UG,open-meteo-geocoding,
Centro Sportivo Ca'Nova,centro sportivo ca nova,mapped,Medicina,Medicina,Emilia-Romagna,IT,Italy,44.4787,11.6381,Europe/Rome,KY NP,open-meteo-geocoding,country not among the archive's votes
Centro Sportivo Dozza,centro sportivo dozza,mapped,Navile,Naviledo,Piedmont,IT,Italy,46.1603,8.3413,Europe/Rome,AR TZ NP IT KY,open-meteo-geocoding,
Chaudhry Bansi Lal Cricket Stadium,chaudhry bansi lal cricket stadium,mapped,Rohtak,Rohtak,Haryana,IN,India,28.8945,76.5892,Asia/Kolkata,IN,open-meteo-geocoding,"hand-curated: the ground's city, country pinned"
"Chester Road North Ground, Kidderminster",chester road north ground kidderminster,mapped,Kidderminster,Kidderminster,England,GB,United Kingdom,52.3882,-2.2500,Europe/London,GB,open-meteo-geocoding,
Chevrolet Park,chevrolet park,mapped,Bloemfontein,Bloemfontein,Free State,ZA,South Africa,-29.1211,26.2140,Africa/Johannesburg,ZA LK PK,open-meteo-geocoding,
"Chevrolet Park, Bloemfontein",chevrolet park bloemfontein,mapped,Bloemfontein,Bloemfontein,Free State,ZA,South Africa,-29.1211,26.2140,Africa/Johannesburg,ZA,open-meteo-geocoding,
Chilaw Marians Cricket Club Ground,chilaw marians cricket club ground,mapped,Katunayake,Katunayaka,Western Province,LK,Sri Lanka,7.1699,79.8884,Asia/Colombo,IN LK,open-meteo-geocoding,"hand-curated: the ground's city, country pinned"
Chittagong Divisional Stadium,chittagong divisional stadium,mapped,Chittagong,Chittagong,Chittagong,BD,Bangladesh,22.3384,91.8317,Asia/Dhaka,BD LK ZA AU,open-meteo-geocoding,"hand-curated: the ground's city, country pinned"
"Choice Moosa Stadium, Pearland",choice moosa stadium pearland,mapped,Pearland,Pearland,Texas,US,United States,29.5636,-95.2861,America/Chicago,US GB,open-meteo-geocoding,
Church Street Park,church street park,mapped,Morrisville,Morrisville,North Carolina,US,United States,35.8235,-78.8256,America/New_York,PA US BZ CA,open-meteo-geocoding,
"Church Street Park, Morrisville",church street park morrisville,mapped,Morrisville,Morrisville,North Carolina,US,United States,35.8235,-78.8256,America/New_York,US,open-meteo-geocoding,
"Church of Ireland Young Men's Society Cricket Club Ground, Belfast",church of ireland young men s society cricket club ground belfast,mapped,Belfast,Belfast,Northern Ireland,GB,United Kingdom,54.5968,-5.9254,Europe/London,IE GB,open-meteo-geocoding,
City Oval,city oval,mapped,Pietermaritzburg,Pietermaritzburg,KwaZulu-Natal,ZA,South Africa,-29.6168,30.3928,Africa/Johannesburg,ZA PK,open-meteo-geocoding,
"City Oval, Pietermaritzburg",city oval pietermaritzburg,mapped,Pietermaritzburg,Pietermaritzburg,KwaZulu-Natal,ZA,South Africa,-29.6168,30.3928,Africa/Johannesburg,ZA NZ IN NA,open-meteo-geocoding,
"Civil Service Cricket Club, Stormont",civil service cricket club stormont,mapped,Belfast,Belfast,Northern Ireland,GB,United Kingdom,54.5968,-5.9254,Europe/London,GB IE ZW IN ZA NP NL KE BD AU NA US BM PG HK,open-meteo-geocoding,
"Civil Service Cricket Club, Stormont, Belfast",civil service cricket club stormont belfast,mapped,Belfast,Belfast,Northern Ireland,GB,United Kingdom,54.5968,-5.9254,Europe/London,GB IE ZW NZ LK ZA IN,open-meteo-geocoding,
"Clayton Panama, Panama City",clayton panama panama city,mapped,Panama City,Panama City,Provincia de Panamá,PA,Panama,8.9936,-79.5197,America/Panama,CR MX PA,open-meteo-geocoding,
"Clifton Park Ground, York",clifton park ground york,mapped,York,York,England,GB,United Kingdom,53.9576,-1.0827,Europe/London,GB,open-meteo-geocoding,
Clontarf Cricket Club Ground,clontarf cricket club ground,mapped,Dublin,Dublin,Leinster,IE,Ireland,53.3331,-6.2489,Europe/Dublin,GB IE BD NZ NL CA PK NA HK JM TT BB GY LC VC AG GD KN DM AU JE US,open-meteo-geocoding,
"Clontarf Cricket Club Ground, Dublin",clontarf cricket club ground dublin,mapped,Dublin,Dublin,Leinster,IE,Ireland,53.3331,-6.2489,Europe/Dublin,IE GB PK LK,open-meteo-geocoding,
Cobham Oval,cobham oval,mapped,Whangarei,Whangarei,Northland,NZ,New Zealand,-35.7317,174.3239,Pacific/Auckland,NZ,open-meteo-geocoding,"hand-curated: the ground's city, country pinned"
Cobham Oval (New),cobham oval new,mapped,Whangarei,Whangarei,Northland,NZ,New Zealand,-35.7317,174.3239,Pacific/Auckland,NZ ZW JM TT BB GY LC VC AG GD KN DM,open-meteo-geocoding,
"Cobham Oval (New), Whangarei",cobham oval new whangarei,mapped,Whangarei,Whangarei,Northland,NZ,New Zealand,-35.7317,174.3239,Pacific/Auckland,NZ,open-meteo-geocoding,
"Cobham Oval, Whangarei",cobham oval whangarei,mapped,Whangarei,Whangarei,Northland,NZ,New Zealand,-35.7317,174.3239,Pacific/Auckland,NZ,open-meteo-geocoding,
Colin Maiden Park,colin maiden park,mapped,Auckland,Auckland,Auckland,NZ,New Zealand,-36.8485,174.7635,Pacific/Auckland,NZ,open-meteo-geocoding,"hand-curated: the ground's city, country pinned"
"Colin Maiden Park, Auckland",colin maiden park auckland,mapped,Auckland,Auckland,Auckland,NZ,New Zealand,-36.8485,174.7635,Pacific/Auckland,NZ,open-meteo-geocoding,
College Field,college field,mapped,St Peter Port,St Peter Port,,GG,,49.4598,-2.5353,Europe/Guernsey,GG IT DE JE NO IM,open-meteo-geocoding,
"College Field, St Peter Port",college field st peter port,mapped,St Peter Port,St Peter Port,,GG,,49.4598,-2.5353,Europe/Guernsey,JE GG,open-meteo-geocoding,
College Ground,college ground,mapped,Cheltenham,Cheltenham,England,GB,United Kingdom,51.9001,-2.0797,Europe/London,GB,open-meteo-geocoding,
"College Ground, Cheltenham",college ground cheltenham,mapped,Cheltenham,Cheltenham,England,GB,United Kingdom,51.9001,-2.0797,Europe/London,GB,open-meteo-geocoding,
Colombo Cricket Club Ground,colombo cricket club ground,mapped,Colombo,Colombo,Western Province,LK,Sri Lanka,6.9355,79.8487,Asia/Colombo,LK GB IE BD IN TH PK PG ZA,open-meteo-geocoding,
Colts Cricket Club Ground,colts cricket club ground,mapped,Colombo,Colombo,Western Province,LK,Sri Lanka,6.9355,79.8487,Asia/Colombo,LK ZA IN,open-meteo-geocoding,
"Colts Cricket Club Ground, Colombo",colts cricket club ground colombo,mapped,Colombo,Colombo,Western Province,LK,Sri Lanka,6.9355,79.8487,Asia/Colombo,LK,open-meteo-geocoding,
Colwyn Bay Cricket Club Ground,colwyn bay cricket club ground,mapped,Colwyn Bay,Colwyn Bay,Wales,GB,United Kingdom,53.2948,-3.7267,Europe/London,GB,open-meteo-geocoding,
Coolidge Cricket Ground,coolidge cricket ground,mapped,Antigua,Antigua,,AG,Antigua and Barbuda,17.0761,-61.7954,America/Antigua,JM TT BB GY LC VC AG GD KN DM LK,open-meteo-geocoding,
"Coolidge Cricket Ground, Antigua",coolidge cricket ground antigua,mapped,Coolidge,Coolidge,Arizona,US,United States,32.9778,-111.5176,America/Phoenix,JM TT BB GY LC VC AG GD KN DM PK LK ZA BZ US CA PA BS AU BM,open-meteo-geocoding,
County Ground,county ground,mapped,Bristol,Bristol,England,GB,United Kingdom,51.4552,-2.5966,Europe/London,GB AU JM TT BB GY LC VC AG GD KN DM IN NZ ZA LK PK IE BD GG,open-meteo-geocoding,
"County Ground, Bristol",county ground bristol,mapped,Bristol,Bristol,England,GB,United Kingdom,51.4552,-2.5966,Europe/London,GB IN ZA IE LK NZ JM TT BB GY LC VC AG GD KN DM AU NL PK,open-meteo-geocoding,
"County Ground, Chelmsford",county ground chelmsford,mapped,Chelmsford,Chelmsford,England,GB,United Kingdom,51.7358,0.4696,Europe/London,GB BD IE IN NZ ZA LK PK JM TT BB GY LC VC AG GD KN DM,open-meteo-geocoding,
"County Ground, Derby",county ground derby,mapped,Derby,Derby,England,GB,United Kingdom,52.9228,-1.4766,Europe/London,GB NZ ZA IN LK PK JM TT BB GY LC VC AG GD KN DM,open-meteo-geocoding,
"County Ground, Hove",county ground hove,mapped,Brighton,Brighton,England,GB,United Kingdom,50.8284,-0.1395,Europe/London,GB NZ IN AU LK JM TT BB GY LC VC AG GD KN DM,open-meteo-geocoding,
"County Ground, New Road",county ground new road,mapped,Worcester,Worcester,England,GB,United Kingdom,52.1893,-2.2200,Europe/London,GB ZA JM TT BB GY LC VC AG GD KN DM AU PK,open-meteo-geocoding,
"County Ground, New Road, Worcester",county ground new road worcester,mapped,Worcester,Worcester,England,GB,United Kingdom,52.1893,-2.2200,Europe/London,GB NZ AU IN ZA,open-meteo-geocoding,
"County Ground, Northampton",county ground northampton,mapped,Northampton,Northampton,England,GB,United Kingdom,52.2500,-0.8833,Europe/London,GB IN ZA LK PK,open-meteo-geocoding,
"County Ground, Taunton",county ground taunton,mapped,Taunton,Taunton,England,GB,United Kingdom,51.0149,-3.1029,Europe/London,GB,open-meteo-geocoding,
"Cricket Central, Sydney",cricket central sydney,mapped,Sydney,Sydney,New South Wales,AU,Australia,-33.8678,151.2073,Australia/Sydney,AU,open-meteo-geocoding,
Cricket Field Lane,cricket field lane,mapped,Bishop's Stortford,Bishop's Stortford,England,GB,United Kingdom,51.8711,0.1587,Europe/London,BW FJ,open-meteo-geocoding,country not among the archive's votes
"Cricket Field Road Ground, Horsham",cricket field road ground horsham,mapped,Horsham,Horsham,England,GB,United Kingdom,51.0631,-0.3276,Europe/London,GB,open-meteo-geocoding,
"Cricket Stadium, Sector-16",cricket stadium sector 16,mapped,Chandigarh,Chandigarh,Chandigarh,IN,India,30.7363,76.7884,Asia/Kolkata,IN,open-meteo-geocoding,"hand-curated: the ground's city, country pinned"
DRIEMS Ground,driems ground,mapped,Cuttack,Cuttack,Odisha,IN,India,20.4650,85.8793,Asia/Kolkata,IN,open-meteo-geocoding,"hand-curated: the ground's city, country pinned"
Daren Sammy National Cricket Stadium,daren sammy national cricket stadium,mapped,Gros Islet,Gros Islet,Gros-Islet,LC,Saint Lucia,14.0667,-60.9500,America/St_Lucia,GB JM TT BB GY LC VC AG GD KN DM,open-meteo-geocoding,
"Daren Sammy National Cricket Stadium, Gros Islet",daren sammy national cricket stadium gros islet,mapped,Gros Islet,Gros Islet,Gros-Islet,LC,Saint Lucia,14.0667,-60.9500,America/St_Lucia,JM TT BB GY LC VC AG GD KN DM US LK ZA BD GB PK IN,open-meteo-geocoding,
"Daren Sammy National Cricket Stadium, Gros Islet, St Lucia",daren sammy national cricket stadium gros islet st lucia,mapped,Gros Islet,Gros Islet,Gros-Islet,LC,Saint Lucia,14.0667,-60.9500,America/St_Lucia,JM TT BB GY LC VC AG GD KN DM US GB AU IE ZA BD LK NL IN,open-meteo-geocoding,
"Daren Sammy National Cricket Stadium, St Lucia",daren sammy national cricket stadium st lucia,mapped,Gros Islet,Gros Islet,Gros-Islet,LC,Saint Lucia,14.0667,-60.9500,America/St_Lucia,JM TT BB GY LC VC AG GD KN DM GB,open-meteo-geocoding,
"Darren Sammy National Cricket Stadium, Gros Islet",darren sammy national cricket stadium gros islet,mapped,Gros Islet,Gros Islet,Gros-Islet,LC,Saint Lucia,14.0667,-60.9500,America/St_Lucia,JM TT BB GY LC VC AG GD KN DM IN,open-meteo-geocoding,
"Darren Sammy National Cricket Stadium, St Lucia",darren sammy national cricket stadium st lucia,mapped,Gros Islet,Gros Islet,Gros-Islet,LC,Saint Lucia,14.0667,-60.9500,America/St_Lucia,JM TT BB GY LC VC AG GD KN DM GB IN,open-meteo-geocoding,
"Davies Park, Queenstown",davies park queenstown,mapped,Queenstown,Queenstown,Otago,NZ,New Zealand,-45.0302,168.6627,Pacific/Auckland,IN NZ,open-meteo-geocoding,
De Beers Diamond Oval,de beers diamond oval,mapped,Kimberley,Kimberley,Northern Cape,ZA,South Africa,-28.7323,24.7623,Africa/Johannesburg,IN ZA ZW LK NZ,open-meteo-geocoding,
"De Beers Diamond Oval, Kimberley",de beers diamond oval kimberley,mapped,Kimberley,Kimberley,Northern Cape,ZA,South Africa,-28.7323,24.7623,Africa/Johannesburg,ZA PK NA BD NZ,open-meteo-geocoding,
"De Zoysa Stadium, Moratuwa",de zoysa stadium moratuwa,mapped,Moratuwa,Moratuwa,Western Province,LK,Sri Lanka,6.7730,79.8816,Asia/Colombo,LK,open-meteo-geocoding,
Desert Springs Cricket Ground,desert springs cricket ground,mapped,Almeria,Almería,Andalusia,ES,Spain,36.8381,-2.4597,Europe/Madrid,ES DE,open-meteo-geocoding,
"Desert Springs Cricket Ground, Almeria",desert springs cricket ground almeria,mapped,Almeria,Almería,Andalusia,ES,Spain,36.8381,-2.4597,Europe/Madrid,GB IT ES DE JE DK NL NO FR IE GG SE,open-meteo-geocoding,
Diamond Oval,diamond oval,mapped,Kimberley,Kimberley,Northern Cape,ZA,South Africa,-28.7323,24.7623,Africa/Johannesburg,ZA BD ZW IN NZ,open-meteo-geocoding,
"Diamond Oval, Kimberley",diamond oval kimberley,mapped,Kimberley,Kimberley,Northern Cape,ZA,South Africa,-28.7323,24.7623,Africa/Johannesburg,ZA GB BD LK,open-meteo-geocoding,
Docklands Stadium,docklands stadium,mapped,Melbourne,Melbourne,Victoria,AU,Australia,-37.8140,144.9633,Australia/Melbourne,AU ZA NZ,open-meteo-geocoding,
"Docklands Stadium, Melbourne",docklands stadium melbourne,mapped,Melbourne,Melbourne,Victoria,AU,Australia,-37.8140,144.9633,Australia/Melbourne,AU,open-meteo-geocoding,
Dower Park,dower park,mapped,Bendigo,Bendigo,Victoria,AU,Australia,-36.7582,144.2802,Australia/Melbourne,ID VU,open-meteo-geocoding,country not among the archive's votes
Dr DY Patil Sports Academy,dr dy patil sports academy,mapped,Mumbai,Mumbai,Maharashtra,IN,India,19.0728,72.8826,Asia/Kolkata,IN,open-meteo-geocoding,
"Dr DY Patil Sports Academy, Mumbai",dr dy patil sports academy mumbai,mapped,Navi Mumbai,Navi Mumbai,Maharashtra,IN,India,19.0368,73.0158,Asia/Kolkata,IN AU GB,open-meteo-geocoding,
"Dr DY Patil Sports Academy, Navi Mumbai",dr dy patil sports academy navi mumbai,mapped,Navi Mumbai,Navi Mumbai,Maharashtra,IN,India,19.0368,73.0158,Asia/Kolkata,IN JM TT BB GY LC VC AG GD KN DM BD LK NZ AU ZA,open-meteo-geocoding,
Dr P.V.G. Raju ACA Sports Complex,dr p v g raju aca sports complex,mapped,Vizianagaram,Vizianagaram,Andhra Pradesh,IN,India,18.1169,83.4115,Asia/Kolkata,IN,open-meteo-geocoding,"hand-curated: the ground's city, country pinned"
"Dr. Gokaraju Laila Ganga Raju ACA Cricket Complex -CP Ground,Mulapadu",dr gokaraju laila ganga raju aca cricket complex cp ground mulapadu,mapped,Mulapadu,Mūlapādu,Andhra Pradesh,IN,India,17.3377,81.6171,Asia/Kolkata,IN,open-meteo-geocoding,
"Dr. Gokaraju Laila Ganga Raju ACA Cricket Complex -DVR Ground,Mulapadu",dr gokaraju laila ganga raju aca cricket complex dvr ground mulapadu,mapped,Mulapadu,Mūlapādu,Andhra Pradesh,IN,India,17.3377,81.6171,Asia/Kolkata,IN,open-meteo-geocoding,
Dr. Y.S. Rajasekhara Reddy ACA-VDCA Cricket Stadium,dr y s rajasekhara reddy aca vdca cricket stadium,mapped,Visakhapatnam,Visakhapatnam,Andhra Pradesh,IN,India,17.6801,83.2016,Asia/Kolkata,IN JM TT BB GY LC VC AG GD KN DM LK AU NZ GB ZA PK,open-meteo-geocoding,
"Dr. Y.S. Rajasekhara Reddy ACA-VDCA Cricket Stadium, Visakhapatnam",dr y s rajasekhara reddy aca vdca cricket stadium visakhapatnam,mapped,Visakhapatnam,Visakhapatnam,Andhra Pradesh,IN,India,17.6801,83.2016,Asia/Kolkata,IN ZA AU GB NZ BD LK,open-meteo-geocoding,
Dreux Sport Cricket Club,dreux sport cricket club,mapped,Dreux,Dreux,Centre-Val de Loire,FR,France,48.7365,1.3657,Europe/Paris,FR BE MT,open-meteo-geocoding,
Drummoyne Oval,drummoyne oval,mapped,Sydney,Sydney,New South Wales,AU,Australia,-33.8678,151.2073,Australia/Sydney,AU,open-meteo-geocoding,
"Drummoyne Oval, Sydney",drummoyne oval sydney,mapped,Sydney,Sydney,New South Wales,AU,Australia,-33.8678,151.2073,Australia/Sydney,AU,open-meteo-geocoding,
Dubai International Cricket Stadium,dubai international cricket stadium,mapped,Dubai,Dubai,Dubai,AE,United Arab Emirates,25.0772,55.3093,Asia/Dubai,AE PK IN GB LK NZ AU IE NA ZA BD PG NL JM TT BB GY LC VC AG GD KN DM OM CA HK NP KE US TH BM SG KW ID,open-meteo-geocoding,
Dubai Sports City Cricket Stadium,dubai sports city cricket stadium,mapped,Dubai,Dubai,Dubai,AE,United Arab Emirates,25.0772,55.3093,Asia/Dubai,AU PK,open-meteo-geocoding,"hand-curated: the ground's city, country pinned"
Eastern Oval,eastern oval,mapped,Ballarat,Ballarat,Victoria,AU,Australia,-37.5662,143.8496,Australia/Melbourne,AU,open-meteo-geocoding,
"Eastern Oval, Ballarat",eastern oval ballarat,mapped,Ballarat,Ballarat,Victoria,AU,Australia,-37.5662,143.8496,Australia/Melbourne,AU,open-meteo-geocoding,
Eden Gardens,eden gardens,mapped,Kolkata,Kolkata,West Bengal,IN,India,22.5626,88.3630,Asia/Kolkata,IN GB JM TT BB GY LC VC AG GD KN DM LK PK BD ZA NZ AU IE NL KE ZW,open-meteo-geocoding,
"Eden Gardens, Kolkata",eden gardens kolkata,mapped,Kolkata,Kolkata,West Bengal,IN,India,22.5626,88.3630,Asia/Kolkata,IN GB JM TT BB GY LC VC AG GD KN DM ZA IT NZ BD PK LK NL AU,open-meteo-geocoding,
Eden Park,eden park,mapped,Auckland,Auckland,Auckland,NZ,New Zealand,-36.8485,174.7635,Pacific/Auckland,NZ AU IN GB PK ZA JM TT BB GY LC VC AG GD KN DM LK ZW BD,open-meteo-geocoding,
Eden Park No 2,eden park no 2,mapped,Auckland,Auckland,Auckland,NZ,New Zealand,-36.8485,174.7635,Pacific/Auckland,NZ AU,open-meteo-geocoding,
"Eden Park No 2, Auckland",eden park no 2 auckland,mapped,Auckland,Auckland,Auckland,NZ,New Zealand,-36.8485,174.7635,Pacific/Auckland,NZ,open-meteo-geocoding,
Eden Park Outer Oval,eden park outer oval,mapped,Auckland,Auckland,Auckland,NZ,New Zealand,-36.8485,174.7635,Pacific/Auckland,NZ ZA,open-meteo-geocoding,
"Eden Park Outer Oval, Auckland",eden park outer oval auckland,mapped,Auckland,Auckland,Auckland,NZ,New Zealand,-36.8485,174.7635,Pacific/Auckland,NZ,open-meteo-geocoding,
"Eden Park, Auckland",eden park auckland,mapped,Auckland,Auckland,Auckland,NZ,New Zealand,-36.8485,174.7635,Pacific/Auckland,NZ AU LK JM TT BB GY LC VC AG GD KN DM IN GB PK ZA,open-meteo-geocoding,
Edgbaston,edgbaston,mapped,Birmingham,Birmingham,England,GB,United Kingdom,52.4814,-1.8998,Europe/London,GB AU IN PK NZ ZA JM TT BB GY LC VC AG GD KN DM BD LK ZW KE,open-meteo-geocoding,
"Edgbaston Foundation Community Sports Ground, Birmingham",edgbaston foundation community sports ground birmingham,mapped,Birmingham,Birmingham,England,GB,United Kingdom,52.4814,-1.8998,Europe/London,GB,open-meteo-geocoding,
"Edgbaston, Birmingham",edgbaston birmingham,mapped,Birmingham,Birmingham,England,GB,United Kingdom,52.4814,-1.8998,Europe/London,GB IN PK AU NZ ZA LK JM TT BB GY LC VC AG GD KN DM NL BD,open-meteo-geocoding,
"Ekeberg Cricket Ground 1, Oslo",ekeberg cricket ground 1 oslo,mapped,Oslo,Oslo,Oslo,NO,Norway,59.9127,10.7461,Europe/Oslo,NO DK GG EE,open-meteo-geocoding,
"Ekeberg Cricket Ground 2, Oslo",ekeberg cricket ground 2 oslo,mapped,Oslo,Oslo,Oslo,NO,Norway,59.9127,10.7461,Europe/Oslo,EE DK,open-meteo-geocoding,country not among the archive's votes
Emerald Heights International School Ground,emerald heights international school ground,mapped,Indore,Indore,Madhya Pradesh,IN,India,22.7179,75.8333,Asia/Kolkata,IN,open-meteo-geocoding,"hand-curated: the ground's city, country pinned"
"Enborne Lodge, Newbury",enborne lodge newbury,mapped,Newbury,Newbury,England,GB,United Kingdom,51.4015,-1.3247,Europe/London,GB,open-meteo-geocoding,
Entebbe Cricket Oval,entebbe cricket oval,mapped,Entebbe,Entebbe,Central Region,UG,Uganda,0.0562,32.4795,Africa/Kampala,UG NG KE NA HK TZ NP ZW AE SG BW RW IT CA MY OM BH,open-meteo-geocoding,
Estonian National Cricket and Rugby Field,estonian national cricket and rugby field,mapped,Tallinn,Tallinn,Harju,EE,Estonia,59.4370,24.7535,Europe/Tallinn,EE FI CZ BG,open-meteo-geocoding,
Europa Sports Complex,europa sports complex,mapped,Gibraltar,Gibraltar,,GI,,36.1447,-5.3526,Europe/Gibraltar,GI PT MT EE RS LU JE,open-meteo-geocoding,
F B Colony Ground,f b colony ground,mapped,Vadodara,Vadodara,Gujarat,IN,India,22.2994,73.2081,Asia/Kolkata,IN,hand-curated; coordinates from open-meteo-geocoding,"hand-curated, city-level: identified as Vadodara, Gujarat from Wikipedia's 'F. B. Colony Ground' (previously the Alembic No 2 Ground, opened September 2009), which carries no coordinates; consistent with its 5 matches (Syed Mushtaq Ali Trophy, January 2021) and the archive's IN vote. City-level is the data's own resolution: ERA5 is served on a ~0.1 degree grid, so the ground and the city centre share a cell"
FB Fields,fb fields,mapped,St Clement,St Clement,,JE,,49.1740,-2.0572,Europe/Jersey,OM NG JE TZ GG,open-meteo-geocoding,
"FB Fields, St Clement",fb fields st clement,mapped,St Clement,St Clement,,JE,,49.1740,-2.0572,Europe/Jersey,SE FR TR JE,open-meteo-geocoding,
"FP Fenner's Ground, Cambridge",fp fenner s ground cambridge,mapped,Cambridge,Cambridge,England,GB,United Kingdom,52.2000,0.1167,Europe/London,GB,open-meteo-geocoding,
FTZ Sports Complex (BOI),ftz sports complex boi,mapped,Katunayake,Katunayaka,Western Province,LK,Sri Lanka,7.1699,79.8884,Asia/Colombo,LK GB,open-meteo-geocoding,
"FTZ Sports Complex (Board of Investment), Katunayake",ftz sports complex board of investment katunayake,mapped,Katunayake,Katunayaka,Western Province,LK,Sri Lanka,7.1699,79.8884,Asia/Colombo,LK,open-meteo-geocoding,
Faleata Oval No 1,faleata oval no 1,mapped,Apia,Apia,Tuamasaga,WS,Samoa,-13.8333,-171.7667,Pacific/Apia,GH VU,open-meteo-geocoding,country not among the archive's votes
Faleata Oval No 2,faleata oval no 2,mapped,Apia,Apia,Tuamasaga,WS,Samoa,-13.8333,-171.7667,Pacific/Apia,BE JP,open-meteo-geocoding,country not among the archive's votes
"Faleata Oval No 2, Apia",faleata oval no 2 apia,mapped,Apia,Apia,Tuamasaga,WS,Samoa,-13.8333,-171.7667,Pacific/Apia,VU CK FJ WS,open-meteo-geocoding,
Faleata Oval No 3,faleata oval no 3,mapped,Apia,Apia,Tuamasaga,WS,Samoa,-13.8333,-171.7667,Pacific/Apia,BT WS JP NO,open-meteo-geocoding,
"Farington Cricket Ground, Farington",farington cricket ground farington,mapped,Farington,Farington,England,GB,United Kingdom,53.7047,-2.6827,Europe/London,,open-meteo-geocoding,no country vote; most populous place of that name
Farmers Cricket Club Ground,farmers cricket club ground,mapped,St Martin,St Martin,St Martin,GG,,49.4371,-2.5548,Europe/Guernsey,GG TZ JE NG,open-meteo-geocoding,
"Farmers Cricket Club Ground, St Martin",farmers cricket club ground st martin,mapped,St Martin,St Martin,,JE,,49.2201,-2.0513,Europe/Jersey,JE KE PG IT KW QA DK UG HK BM,open-meteo-geocoding,
"Feethams Cricket Ground, Darlington",feethams cricket ground darlington,mapped,Darlington,Darlington,England,GB,United Kingdom,54.5243,-1.5504,Europe/London,,open-meteo-geocoding,no country vote; most populous place of that name
Feroz Shah Kotla,feroz shah kotla,mapped,Delhi,Delhi,National Capital Territory of Delhi,IN,India,28.6519,77.2315,Asia/Kolkata,IN GB AU LK JM TT BB GY LC VC AG GD KN DM NZ ZA PK NL CA KE BD IE,open-meteo-geocoding,
Fitzherbert Park,fitzherbert park,mapped,Palmerston North,Palmerston North,Manawatu-Wanganui,NZ,New Zealand,-40.3564,175.6111,Pacific/Auckland,NZ,open-meteo-geocoding,"hand-curated: the ground's city, country pinned"
"Fitzherbert Park, Palmerston North",fitzherbert park palmerston north,mapped,Palmerston North,Palmerston North,Manawatu-Wanganui,NZ,New Zealand,-40.3564,175.6111,Pacific/Auckland,NZ,open-meteo-geocoding,
Forthill,forthill,mapped,Dundee,Dundee,Scotland,GB,United Kingdom,56.4691,-2.9749,Europe/London,GB BD TH IE PG US NA NL,open-meteo-geocoding,
"Forthill, Dundee",forthill dundee,mapped,Dundee,Dundee,Scotland,GB,United Kingdom,56.4691,-2.9749,Europe/London,GB OM NA NP NL CA AE,open-meteo-geocoding,
Friendship Oval,friendship oval,mapped,Dasmarinas,Dasmariñas,Calabarzon,PH,Philippines,14.3294,120.9367,Asia/Manila,JP PH ID KR,open-meteo-geocoding,
"GB Oval, Szodliget",gb oval szodliget,mapped,Szodliget,Sződliget,Pest County,HU,Hungary,47.7326,19.1475,Europe/Budapest,HU AT RO LU SI HR,open-meteo-geocoding,
"GMHBA Stadium, South Geelong, Victoria",gmhba stadium south geelong victoria,mapped,Geelong,Geelong,Victoria,AU,Australia,-38.1471,144.3607,Australia/Melbourne,AU NA LK AE NL,open-meteo-geocoding,
"GSSS, Sector 26",gsss sector 26,mapped,Chandigarh,Chandigarh,Chandigarh,IN,India,30.7363,76.7884,Asia/Kolkata,IN,open-meteo-geocoding,"hand-curated: the ground's city, country pinned"
Gaddafi Stadium,gaddafi stadium,mapped,Lahore,Lahore,Punjab,PK,Pakistan,31.5580,74.3507,Asia/Karachi,PK AE ZW LK BD ZA IN JM TT BB GY LC VC AG GD KN DM GB,open-meteo-geocoding,
"Gaddafi Stadium, Lahore",gaddafi stadium lahore,mapped,Lahore,Lahore,Punjab,PK,Pakistan,31.5580,74.3507,Asia/Karachi,PK AE GB AU ZA IE NZ BD JM TT BB GY LC VC AG GD KN DM TH,open-meteo-geocoding,
"Gahanga B Ground, Rwanda",gahanga b ground rwanda,mapped,Rwanda,Rwanda,,RW,Rwanda,-2.0000,30.0000,Africa/Kigali,RW MW KE NG BR UG CM NP TZ SL VU IT US BW,open-meteo-geocoding,
Gahanga International Cricket Stadium. Rwanda,gahanga international cricket stadium rwanda,mapped,Kigali,Kigali,Kigali,RW,Rwanda,-1.9500,30.0588,Africa/Kigali,RW UG TZ NG BW KE MW CM GH SL BR BH MZ SC NA IT US VU NP ML GM LS DE SZ,open-meteo-geocoding,"hand-curated: the ground's city, country pinned"
Galle International Stadium,galle international stadium,mapped,Galle,Galle,Southern Province,LK,Sri Lanka,6.0461,80.2103,Asia/Colombo,LK NZ IN GB AU PK JM TT BB GY LC VC AG GD KN DM ZA ZW BD IE,open-meteo-geocoding,
Garon Park,garon park,mapped,Southend-on-Sea,Southend-on-Sea,England,GB,United Kingdom,51.5378,0.7143,Europe/London,NL GB,open-meteo-geocoding,
Geelong Cricket Ground,geelong cricket ground,mapped,Geelong,Geelong,Victoria,AU,Australia,-38.1471,144.3607,Australia/Melbourne,AU,open-meteo-geocoding,
Gelephu International Cricket Ground,gelephu international cricket ground,mapped,Gelephu,Gelephu Airport,Sarpang District,BT,Bhutan,26.8839,90.4684,Asia/Thimphu,BT MM ID MY HK TH MV BH,open-meteo-geocoding,
"GelsenTrabPark, Gelsenkirchen",gelsentrabpark gelsenkirchen,mapped,Gelsenkirchen,Gelsenkirchen,North Rhine-Westphalia,DE,Germany,51.5051,7.0965,Europe/Berlin,DE SE DK,open-meteo-geocoding,
Gliderol Stadium,gliderol stadium,mapped,Adelaide,Adelaide,South Australia,AU,Australia,-34.9287,138.5986,Australia/Adelaide,AU,open-meteo-geocoding,
"Gliderol Stadium, Adelaide",gliderol stadium adelaide,mapped,Adelaide,Adelaide,South Australia,AU,Australia,-34.9287,138.5986,Australia/Adelaide,AU,open-meteo-geocoding,
Gokaraju Liala Gangaaraju ACA Cricket Ground,gokaraju liala gangaaraju aca cricket ground,mapped,Vijayawada,Vijayawada,Andhra Pradesh,IN,India,16.5074,80.6466,Asia/Kolkata,IN,open-meteo-geocoding,"hand-curated: the ground's city, country pinned"
Goldenacre,goldenacre,mapped,Edinburgh,Edinburgh,Scotland,GB,United Kingdom,55.9521,-3.1965,Europe/London,GB CA KE AE NL OM,open-meteo-geocoding,
"Goldenacre, Edinburgh",goldenacre edinburgh,mapped,Edinburgh,Edinburgh,Scotland,GB,United Kingdom,55.9521,-3.1965,Europe/London,GB AT JE IE IT DE DK,open-meteo-geocoding,
Goodyear Park,goodyear park,mapped,Bloemfontein,Bloemfontein,Free State,ZA,South Africa,-29.1211,26.2140,Africa/Johannesburg,ZW ZA,open-meteo-geocoding,
"Goodyear Park, Bloemfontein",goodyear park bloemfontein,mapped,Bloemfontein,Bloemfontein,Free State,ZA,South Africa,-29.1211,26.2140,Africa/Johannesburg,NZ ZW LK BD ZA NL NA KE,open-meteo-geocoding,
"Gorse Lane, Grantham",gorse lane grantham,mapped,Grantham,Grantham,England,GB,United Kingdom,52.9115,-0.6418,Europe/London,GB,open-meteo-geocoding,
Grace Road,grace road,mapped,Leicester,Leicester,England,GB,United Kingdom,52.6386,-1.1317,Europe/London,GB PK ZA JM TT BB GY LC VC AG GD KN DM AU IN LK NZ,open-meteo-geocoding,
"Grace Road, Leicester",grace road leicester,mapped,Leicester,Leicester,England,GB,United Kingdom,52.6386,-1.1317,Europe/London,GB NZ ZA LK JM TT BB GY LC VC AG GD KN DM IE IN,open-meteo-geocoding,
Grainville,grainville,mapped,Saint Helier,Saint Helier,St Helier,JE,,49.1880,-2.1049,Europe/Jersey,OM TZ VU JE,open-meteo-geocoding,"hand-curated: the ground's city, country pinned"
"Grainville, St Saviour",grainville st saviour,mapped,Saint Helier,Saint Helier,St Helier,JE,,49.1880,-2.1049,Europe/Jersey,JE GG KE KW QA DK IT UG PG BM,open-meteo-geocoding,"hand-curated: the ground's city, country pinned"
"Grainville, St Saviour, Jersey",grainville st saviour jersey,mapped,Jersey,Jersey,,JE,,49.2167,-2.1375,Europe/Jersey,IT DE JE FR TR SE,open-meteo-geocoding,
Grand Prairie Stadium,grand prairie stadium,mapped,Dallas,Dallas,Texas,US,United States,32.7831,-96.8067,America/Chicago,US,open-meteo-geocoding,
"Grand Prairie Stadium, Dallas",grand prairie stadium dallas,mapped,Dallas,Dallas,Texas,US,United States,32.7831,-96.8067,America/Chicago,US ZW NP GB CA NL PK LK BD,open-meteo-geocoding,
"Grange Cricket Club Ground, Raeburn Place",grange cricket club ground raeburn place,mapped,Edinburgh,Edinburgh,Scotland,GB,United Kingdom,55.9521,-3.1965,Europe/London,GB ZW AE HK NA NL PK KE,open-meteo-geocoding,
"Grange Cricket Club Ground, Raeburn Place, Edinburgh",grange cricket club ground raeburn place edinburgh,mapped,Edinburgh,Edinburgh,Scotland,GB,United Kingdom,55.9521,-3.1965,Europe/London,GB ZW IE DK NL BD NZ JE DE IT AU AT,open-meteo-geocoding,
"Grange Cricket Club, Raeburn Place",grange cricket club raeburn place,mapped,Edinburgh,Edinburgh,Scotland,GB,United Kingdom,55.9521,-3.1965,Europe/London,GB PK LK,open-meteo-geocoding,
"Great Barrier Reef Arena, Mackay",great barrier reef arena mackay,mapped,Mackay,Mackay,Queensland,AU,Australia,-21.1534,149.1655,Australia/Brisbane,AU NZ ZA BD,open-meteo-geocoding,
Green Park,green park,mapped,Kanpur,Kanpur,Uttar Pradesh,IN,India,26.4652,80.3498,Asia/Kolkata,IN ZA NZ GB PK LK JM TT BB GY LC VC AG GD KN DM,open-meteo-geocoding,
"Green Park, Kanpur",green park kanpur,mapped,Kanpur,Kanpur,Uttar Pradesh,IN,India,26.4652,80.3498,Asia/Kolkata,IN NZ BD,open-meteo-geocoding,
Greenfield International Stadium,greenfield international stadium,mapped,Thiruvananthapuram,Thiruvananthapuram,Kerala,IN,India,8.4855,76.9492,Asia/Kolkata,IN JM TT BB GY LC VC AG GD KN DM NZ,open-meteo-geocoding,
"Greenfield International Stadium, Thiruvananthapuram",greenfield international stadium thiruvananthapuram,mapped,Thiruvananthapuram,Thiruvananthapuram,Kerala,IN,India,8.4855,76.9492,Asia/Kolkata,IN LK ZA AU NZ,open-meteo-geocoding,
Greenfield Stadium,greenfield stadium,mapped,Thiruvananthapuram,Thiruvananthapuram,Kerala,IN,India,8.4855,76.9492,Asia/Kolkata,IN,open-meteo-geocoding,"hand-curated: the ground's city, country pinned"
"Ground 1, Independence Park",ground 1 independence park,mapped,Port Vila,Port Vila,Shefa,VU,Vanuatu,-17.7365,168.3137,Pacific/Efate,PG VU ID WS JP FJ,open-meteo-geocoding,
"Ground 2, Independence Park",ground 2 independence park,mapped,Port Vila,Port Vila,Shefa,VU,Vanuatu,-17.7365,168.3137,Pacific/Efate,JP FJ ID PG VU,open-meteo-geocoding,
Guanggong International Cricket Stadium,guanggong international cricket stadium,mapped,Guangzhou,Guangzhou,Guangdong,CN,China,23.1167,113.2500,Asia/Shanghai,PK BD IN LK,open-meteo-geocoding,"hand-curated: the ground's city, country pinned"
Gucherre Cricket Ground,gucherre cricket ground,mapped,Albergaria,Albergaria-a-Velha,Aveiro District,PT,Portugal,40.6932,-8.4799,Europe/Lisbon,GI MT PT,open-meteo-geocoding,
"Guernsey Rovers Athletic Club Ground, Port Soif",guernsey rovers athletic club ground port soif,mapped,Saint Peter Port,St Peter Port,,GG,,49.4598,-2.5353,Europe/Guernsey,GG BG MT FI CZ EE GR ES CY JE DK,open-meteo-geocoding,"hand-curated: the ground's city, country pinned"
"Guildford Bason, Merrow Down",guildford bason merrow down,mapped,Guildford,Guildford,England,GB,United Kingdom,51.2354,-0.5743,Europe/London,GB,open-meteo-geocoding,
Gurugram Cricket Ground (SRNCC),gurugram cricket ground srncc,mapped,Gurugram,Gurugram,Haryana,IN,India,28.4601,77.0263,Asia/Kolkata,IN,open-meteo-geocoding,"hand-curated: the ground's city, country pinned"
Guttsta Wicked Cricket Club,guttsta wicked cricket club,mapped,Kolsva,Kolsvasskaret,Agder,NO,Norway,59.1613,7.2556,Europe/Oslo,NO SE,open-meteo-geocoding,
"Guyana National Stadium, Providence",guyana national stadium providence,mapped,Georgetown,Georgetown,Demerara-Mahaica,GY,Guyana,6.8045,-58.1553,America/Guyana,,open-meteo-geocoding,"hand-curated: the ground's city, country pinned"
Gymkhana Club,gymkhana club,mapped,Chiang Mai,Chiang Mai,Chiang Mai,TH,Thailand,18.7904,98.9847,Asia/Bangkok,QA KW BH CN BT TH,open-meteo-geocoding,
Gymkhana Club Ground,gymkhana club ground,mapped,Nairobi,Nairobi,Nairobi County,KE,Kenya,-1.2833,36.8167,Africa/Nairobi,KE BD BM CA ZW AE GB PK HK SA UG QA IE NL,open-meteo-geocoding,
"Gymkhana Club Ground, Dar-es-Salaam",gymkhana club ground dar es salaam,mapped,Dar es Salaam,Dar es Salaam,Dar es Salaam Region,TZ,Tanzania,-6.8235,39.2695,Africa/Dar_es_Salaam,TZ CM ML MW LS GH CA,open-meteo-geocoding,"hand-curated: the ground's city, country pinned"
"Gymkhana Club Ground, Nairobi",gymkhana club ground nairobi,mapped,Nairobi,Nairobi,Nairobi County,KE,Kenya,-1.2833,36.8167,Africa/Nairobi,KE UG RW BW QA NP TZ DK JE ZW MZ KW PG SC BH GM LK,open-meteo-geocoding,
Hagley Oval,hagley oval,mapped,Christchurch,Christchurch,Canterbury,NZ,New Zealand,-43.5333,172.6333,Pacific/Auckland,NZ GB LK BD JM TT BB GY LC VC AG GD KN DM PK AU ZA IN CA KE,open-meteo-geocoding,
"Hagley Oval, Christchurch",hagley oval christchurch,mapped,Christchurch,Christchurch,Canterbury,NZ,New Zealand,-43.5333,172.6333,Pacific/Auckland,NZ PK ZA GB BD LK IN AU JM TT BB GY LC VC AG GD KN DM,open-meteo-geocoding,
Happy Valley Ground,happy valley ground,mapped,Episkopi,Episkopi,Pafos,CY,Cyprus,34.7959,32.5264,Asia/Nicosia,CY EE MT IM FI FR HR JE GG SI AT RS SE,open-meteo-geocoding,
Happy Valley Ground 2,happy valley ground 2,mapped,Episkopi,Episkopi,Pafos,CY,Cyprus,34.7959,32.5264,Asia/Nicosia,CY BG GR AT SE RS GG JE MT FR HR SI,open-meteo-geocoding,
Harare Sports Club,harare sports club,mapped,Harare,Harare,Harare,ZW,Zimbabwe,-17.8277,31.0534,Africa/Harare,ZW GB IE IN PK BD LK NZ JM TT BB GY LC VC AG GD KN DM AU ZA NL PG NA AE US KE TZ TH NP OM UG NG BW MW,open-meteo-geocoding,
Hare Field,hare field,mapped,Coggeshall,Coggeshall,England,GB,United Kingdom,51.8708,0.6854,Europe/London,VU,open-meteo-geocoding,country not among the archive's votes
Harlequins,harlequins,mapped,Pretoria,Pretoria,Gauteng,ZA,South Africa,-25.7449,28.1878,Africa/Johannesburg,ZA PK,open-meteo-geocoding,
Harrup Park,harrup park,mapped,Mackay,Mackay,Queensland,AU,Australia,-21.1534,149.1655,Australia/Brisbane,AU,open-meteo-geocoding,
"Harry Barker Reserve, Gisborne",harry barker reserve gisborne,mapped,Gisborne,Gisborne,Gisborne,NZ,New Zealand,-38.6533,178.0042,Pacific/Auckland,NZ,open-meteo-geocoding,
Haslegrave Ground,haslegrave ground,mapped,Loughborough,Loughborough,England,GB,United Kingdom,52.7667,-1.2000,Europe/London,GB PK,open-meteo-geocoding,
"Haslegrave Ground, Loughborough",haslegrave ground loughborough,mapped,Loughborough,Loughborough,England,GB,United Kingdom,52.7667,-1.2000,Europe/London,GB,open-meteo-geocoding,
Hazelaarweg,hazelaarweg,mapped,Rotterdam,Rotterdam,South Holland,NL,The Netherlands,51.9225,4.4792,Europe/Amsterdam,NL ZW IE GB GI FI ES GG IL NP,open-meteo-geocoding,
"Hazelaarweg, Rotterdam",hazelaarweg rotterdam,mapped,Rotterdam,Rotterdam,South Holland,NL,The Netherlands,51.9225,4.4792,Europe/Amsterdam,NL GB IT DE IE PK CA US,open-meteo-geocoding,
Headingley,headingley,mapped,Leeds,Leeds,England,GB,United Kingdom,53.7965,-1.5478,Europe/London,GB PK LK ZA IN AU JM TT BB GY LC VC AG GD KN DM NZ BD,open-meteo-geocoding,
"Headingley, Leeds",headingley leeds,mapped,Leeds,Leeds,England,GB,United Kingdom,53.7965,-1.5478,Europe/London,GB PK AU IN ZA NZ BD NL JM TT BB GY LC VC AG GD KN DM ZW,open-meteo-geocoding,
"High Performance Oval, Windhoek",high performance oval windhoek,mapped,Windhoek,Windhoek,Khomas Region,NA,Namibia,-22.5594,17.0832,Africa/Windhoek,UG NA TZ KE RW SL NG HK ZW,open-meteo-geocoding,
Himachal Pradesh Cricket Association Stadium,himachal pradesh cricket association stadium,mapped,Dharamsala,Dharamsala,Himachal Pradesh,IN,India,32.2201,76.3201,Asia/Kolkata,IN GB BD IE NZ AU JM TT BB GY LC VC AG GD KN DM NL OM LK ZA,open-meteo-geocoding,
"Himachal Pradesh Cricket Association Stadium, Dharamsala",himachal pradesh cricket association stadium dharamsala,mapped,Dharamsala,Dharamsala,Himachal Pradesh,IN,India,32.2201,76.3201,Asia/Kolkata,IN LK GB ZA NZ BD NL AU,open-meteo-geocoding,
Holkar Cricket Stadium,holkar cricket stadium,mapped,Indore,Indore,Madhya Pradesh,IN,India,22.7179,75.8333,Asia/Kolkata,IN LK NZ AU BD JM TT BB GY LC VC AG GD KN DM ZA,open-meteo-geocoding,
"Holkar Cricket Stadium, Indore",holkar cricket stadium indore,mapped,Indore,Indore,Madhya Pradesh,IN,India,22.7179,75.8333,Asia/Kolkata,IN AU NZ ZA GB,open-meteo-geocoding,
Holkar Stadium,holkar stadium,mapped,Indore,Indore,Madhya Pradesh,IN,India,22.7179,75.8333,Asia/Kolkata,IN,open-meteo-geocoding,"hand-curated: the ground's city, country pinned"
Hong Kong Cricket Club,hong kong cricket club,mapped,Wong Nai Chung Gap,Wong Nai Chung Gap,Wan Chai,HK,,22.2571,114.1930,Asia/Hong_Kong,JP NP TZ HK KR,open-meteo-geocoding,
Howell Oval,howell oval,mapped,Sydney,Sydney,New South Wales,AU,Australia,-33.8678,151.2073,Australia/Sydney,AU,open-meteo-geocoding,
"Hurlingham Club Ground, Buenos Aires",hurlingham club ground buenos aires,mapped,Buenos Aires,Buenos Aires,Panamá Oeste Province,PA,Panama,8.6315,-79.9477,America/Panama,PA AR BS KY BM MX BR BZ,open-meteo-geocoding,
Hurstville Oval,hurstville oval,mapped,Sydney,Sydney,New South Wales,AU,Australia,-33.8678,151.2073,Australia/Sydney,AU JM TT BB GY LC VC AG GD KN DM,open-meteo-geocoding,
IC-Gurunanak College Ground,ic gurunanak college ground,mapped,Chennai,Chennai,Tamil Nadu,IN,India,13.0878,80.2785,Asia/Kolkata,IN,open-meteo-geocoding,"hand-curated: the ground's city, country pinned"
ICC Academy,icc academy,mapped,Dubai,Dubai,Dubai,AE,United Arab Emirates,25.0772,55.3093,Asia/Dubai,AE GB NP NL PG KE IE US HK BM SG NA PK JM TT BB GY LC VC AG GD KN DM OM DK,open-meteo-geocoding,
ICC Academy Ground No 2,icc academy ground no 2,mapped,Dubai,Dubai,Dubai,AE,United Arab Emirates,25.0772,55.3093,Asia/Dubai,BM KE GB PG NA SG DK NP NL UG OM,open-meteo-geocoding,country not among the archive's votes
"ICC Academy Ground No 2, Dubai",icc academy ground no 2 dubai,mapped,Dubai,Dubai,Dubai,AE,United Arab Emirates,25.0772,55.3093,Asia/Dubai,AE BT NP MY HK KW,open-meteo-geocoding,
ICC Academy Oval 1,icc academy oval 1,mapped,Dubai,Dubai,Dubai,AE,United Arab Emirates,25.0772,55.3093,Asia/Dubai,DK BM,open-meteo-geocoding,country not among the archive's votes
ICC Academy Oval 2,icc academy oval 2,mapped,Dubai,Dubai,Dubai,AE,United Arab Emirates,25.0772,55.3093,Asia/Dubai,NP DK KE,open-meteo-geocoding,country not among the archive's votes
"ICC Academy, Dubai",icc academy dubai,mapped,Dubai,Dubai,Dubai,AE,United Arab Emirates,25.0772,55.3093,Asia/Dubai,AE KW OM GB NA BH SA QA PG NP US IE MY BT HK ZW,open-meteo-geocoding,
ICC Global Cricket Academy,icc global cricket academy,mapped,Dubai,Dubai,Dubai,AE,United Arab Emirates,25.0772,55.3093,Asia/Dubai,CA KE AE IE GB,open-meteo-geocoding,
"Independence Park, Port Vila",independence park port vila,mapped,Port Vila,Port Vila,Shefa,VU,Vanuatu,-17.7365,168.3137,Pacific/Efate,CK FJ WS VU,open-meteo-geocoding,
Indian Association Ground,indian association ground,mapped,Singapore,Singapore,,SG,Singapore,1.2897,103.8501,Asia/Singapore,SG MY NP QA ZW KW BH JE OM MV SA BT DK IT,open-meteo-geocoding,
"Indian Association Ground, Singapore",indian association ground singapore,mapped,Singapore,Singapore,,SG,Singapore,1.2897,103.8501,Asia/Singapore,SG MY PG MM,open-meteo-geocoding,
Indian Petrochemicals Corporation Limited Sports Complex Ground,indian petrochemicals corporation limited sports complex ground,mapped,Vadodara,Vadodara,Gujarat,IN,India,22.2994,73.2081,Asia/Kolkata,IN JM TT BB GY LC VC AG GD KN DM,open-meteo-geocoding,
"Instonians Cricket Club, Shaw's Bridge Lower Ground, Belfast",instonians cricket club shaw s bridge lower ground belfast,mapped,Belfast,Belfast,Northern Ireland,GB,United Kingdom,54.5968,-5.9254,Europe/London,IE GB,open-meteo-geocoding,
Integrated Polytechnic Regional Centre,integrated polytechnic regional centre,mapped,Kigali,Kigali,Kigali,RW,Rwanda,-1.9500,30.0588,Africa/Kigali,RW UG LS KE NG TZ SC BW ML GM SZ GH MZ SL MW DE CM BR,open-meteo-geocoding,"hand-curated: the ground's city, country pinned"
International Sports Stadium,international sports stadium,mapped,Coffs Harbour,Coffs Harbour,New South Wales,AU,Australia,-30.2963,153.1135,Australia/Sydney,AU ZA GB,open-meteo-geocoding,
"International Sports Stadium, Coffs Harbour",international sports stadium coffs harbour,mapped,Coffs Harbour,Coffs Harbour,New South Wales,AU,Australia,-30.2963,153.1135,Australia/Sydney,AU,open-meteo-geocoding,
Invermay Park,invermay park,mapped,Launceston,Launceston,Tasmania,AU,Australia,-41.4388,147.1347,Australia/Hobart,AU,open-meteo-geocoding,
"Invermay Park, Launceston",invermay park launceston,mapped,Launceston,Launceston,Tasmania,AU,Australia,-41.4388,147.1347,Australia/Hobart,AU,open-meteo-geocoding,
Iqbal Stadium,iqbal stadium,mapped,Faisalabad,Faisalabad,Punjab,PK,Pakistan,31.4155,73.0897,Asia/Karachi,PK ZW GB IN JM TT BB GY LC VC AG GD KN DM ZA BD,open-meteo-geocoding,
"Iqbal Stadium, Faisalabad",iqbal stadium faisalabad,mapped,Faisalabad,Faisalabad,Punjab,PK,Pakistan,31.4155,73.0897,Asia/Karachi,ZA PK,open-meteo-geocoding,
"Ishoj Cricket Club, Vejledalen",ishoj cricket club vejledalen,mapped,Ishøj,Ishøj,Capital Region,DK,Denmark,55.6154,12.3518,Europe/Copenhagen,FI NO DE SE DK,open-meteo-geocoding,"hand-curated: the ground's city, country pinned"
JSCA International Stadium Complex,jsca international stadium complex,mapped,Ranchi,Ranchi,Jharkhand,IN,India,23.3432,85.3094,Asia/Kolkata,IN AU LK NZ ZA GB,open-meteo-geocoding,
"JSCA International Stadium Complex, Ranchi",jsca international stadium complex ranchi,mapped,Ranchi,Ranchi,Jharkhand,IN,India,23.3432,85.3094,Asia/Kolkata,IN NZ ZA GB,open-meteo-geocoding,
"JU Second Campus, Salt Lake",ju second campus salt lake,mapped,Salt Lake,Salt Lake City,West Bengal,IN,India,22.5833,88.4167,Asia/Kolkata,IN,open-meteo-geocoding,
Jadavpur University Campus,jadavpur university campus,mapped,Kolkata,Kolkata,West Bengal,IN,India,22.5626,88.3630,Asia/Kolkata,IN,open-meteo-geocoding,"hand-curated: the ground's city, country pinned"
"Jadavpur University Campus 2nd Ground, Kolkata",jadavpur university campus 2nd ground kolkata,mapped,Kolkata,Kolkata,West Bengal,IN,India,22.5626,88.3630,Asia/Kolkata,IN,open-meteo-geocoding,
Jade Stadium,jade stadium,mapped,Christchurch,Christchurch,Canterbury,NZ,New Zealand,-43.5333,172.6333,Pacific/Auckland,NZ LK JM TT BB GY LC VC AG GD KN DM GB,open-meteo-geocoding,
"Jade Stadium, Christchurch",jade stadium christchurch,mapped,Christchurch,Christchurch,Canterbury,NZ,New Zealand,-43.5333,172.6333,Pacific/Auckland,IN NZ,open-meteo-geocoding,
Jaffery Sports Club Ground,jaffery sports club ground,mapped,Nairobi,Nairobi,Nairobi County,KE,Kenya,-1.2833,36.8167,Africa/Nairobi,QA UG SA KE CA,open-meteo-geocoding,
Jawaharlal Nehru Stadium,jawaharlal nehru stadium,mapped,Kochi,Kochi,Kerala,IN,India,9.9399,76.2602,Asia/Kolkata,IN,open-meteo-geocoding,"hand-curated: the ground's city, country pinned; assumed Kochi; the archive names no city and several Indian stadiums carry the name"
"Jimmy Powell Oval, Cayman Islands",jimmy powell oval cayman islands,mapped,George Town,George Town,George Town,KY,,19.2866,-81.3744,America/Cayman,KY US CA AR MX BM BS,open-meteo-geocoding,
Jinja Cricket Ground,jinja cricket ground,mapped,Jinja,Jinja,Eastern Region,UG,Uganda,0.4390,33.2032,Africa/Kampala,BH UG,open-meteo-geocoding,
John Davies Oval,john davies oval,mapped,Queenstown,Queenstown,Otago,NZ,New Zealand,-45.0302,168.6627,Pacific/Auckland,LK NZ,open-meteo-geocoding,
"John Davies Oval, Queenstown",john davies oval queenstown,mapped,Queenstown,Queenstown,Otago,NZ,New Zealand,-45.0302,168.6627,Pacific/Auckland,NZ IN PK LK BD,open-meteo-geocoding,
Johor Cricket Academy Oval,johor cricket academy oval,mapped,Johor,Johor Bahru,Johor,MY,Malaysia,1.4655,103.7578,Asia/Kuala_Lumpur,MY SG KW,open-meteo-geocoding,
"Jubilee Park, Ringwood, Melbourne",jubilee park ringwood melbourne,mapped,Melbourne,Melbourne,Victoria,AU,Australia,-37.8140,144.9633,Australia/Melbourne,AU,open-meteo-geocoding,
Junction Oval,junction oval,mapped,Melbourne,Melbourne,Victoria,AU,Australia,-37.8140,144.9633,Australia/Melbourne,AU IN NZ BD LK GB,open-meteo-geocoding,
"Junction Oval, Melbourne",junction oval melbourne,mapped,Melbourne,Melbourne,Victoria,AU,Australia,-37.8140,144.9633,Australia/Melbourne,AU GB JM TT BB GY LC VC AG GD KN DM,open-meteo-geocoding,
"KSCA Cricket Ground, Alur",ksca cricket ground alur,mapped,Bengaluru,Bengaluru,Karnataka,IN,India,12.9719,77.5937,Asia/Kolkata,IN,open-meteo-geocoding,
Kaizuka Cricket Ground,kaizuka cricket ground,mapped,Osaka,Osaka,Osaka,JP,Japan,34.6938,135.5011,Asia/Tokyo,JP HK,open-meteo-geocoding,
Kallang Ground,kallang ground,mapped,Singapore,Singapore,,SG,Singapore,1.2897,103.8501,Asia/Singapore,SG KW MY DK OM MV SA JE IT,open-meteo-geocoding,
Karen Rolton Oval,karen rolton oval,mapped,Adelaide,Adelaide,South Australia,AU,Australia,-34.9287,138.5986,Australia/Adelaide,AU NZ,open-meteo-geocoding,
"Karen Rolton Oval, Adelaide",karen rolton oval adelaide,mapped,Adelaide,Adelaide,South Australia,AU,Australia,-34.9287,138.5986,Australia/Adelaide,AU,open-meteo-geocoding,
"Karori Park, Wellington",karori park wellington,mapped,Wellington,Wellington,Wellington Region,NZ,New Zealand,-41.2866,174.7756,Pacific/Auckland,NZ,open-meteo-geocoding,
Keenan Stadium,keenan stadium,mapped,Jamshedpur,Jamshedpur,Jharkhand,IN,India,22.8028,86.1855,Asia/Kolkata,IN GB,open-meteo-geocoding,
Kennards Hire Community Oval,kennards hire community oval,mapped,Auckland,Auckland,Auckland,NZ,New Zealand,-36.8485,174.7635,Pacific/Auckland,NZ,open-meteo-geocoding,"hand-curated: the ground's city, country pinned"
Kennington Oval,kennington oval,mapped,London,London,England,GB,United Kingdom,51.5085,-0.1257,Europe/London,GB AU JM TT BB GY LC VC AG GD KN DM ZA LK IN PK NZ BD IE US ZW,open-meteo-geocoding,
"Kennington Oval, London",kennington oval london,mapped,London,London,England,GB,United Kingdom,51.5085,-0.1257,Europe/London,GB IN AU ZA NZ LK PK JM TT BB GY LC VC AG GD KN DM,open-meteo-geocoding,
Kensington Oval,kensington oval,mapped,Bridgetown,Bridgetown,Saint Michael,BB,Barbados,13.1073,-59.6202,America/Barbados,JM TT BB GY LC VC AG GD KN DM ZA,open-meteo-geocoding,
"Kensington Oval, Barbados",kensington oval barbados,mapped,Bridgetown,Bridgetown,Saint Michael,BB,Barbados,13.1073,-59.6202,America/Barbados,JM TT BB GY LC VC AG GD KN DM GB AU IE,open-meteo-geocoding,
"Kensington Oval, Bridgetown",kensington oval bridgetown,mapped,Barbados,Barbados,,BB,Barbados,13.1645,-59.5517,America/Barbados,JM TT BB GY LC VC AG GD KN DM US GB AU ZA PK LK BD NZ IN IE ZW,open-meteo-geocoding,
"Kensington Oval, Bridgetown, Barbados",kensington oval bridgetown barbados,mapped,Bridgetown,Bridgetown,Saint Michael,BB,Barbados,13.1073,-59.6202,America/Barbados,JM TT BB GY LC VC AG GD KN DM GB US AU NZ IN OM NA PK ZA LK,open-meteo-geocoding,
Kent County Cricket Ground,kent county cricket ground,mapped,Beckenham,Beckenham,England,GB,United Kingdom,51.4088,-0.0253,Europe/London,GB,open-meteo-geocoding,
"Kent County Cricket Ground, Beckenham",kent county cricket ground beckenham,mapped,Beckenham,Beckenham,England,GB,United Kingdom,51.4088,-0.0253,Europe/London,GB,open-meteo-geocoding,
Kerava National Cricket Ground,kerava national cricket ground,mapped,Kerava,Kerava,Uusimaa,FI,Finland,60.4034,25.1050,Europe/Helsinki,FI SE NO IM EE PT DE GR CZ LU CY TR IT FR GG RO HR RS AT SI BG ES IL DK,open-meteo-geocoding,
Kerrydale Oval,kerrydale oval,mapped,Gold Coast,Gold Coast,Queensland,AU,Australia,-28.0003,153.4309,Australia/Brisbane,AU PK,open-meteo-geocoding,
Khan Shaheb Osman Ali Stadium,khan shaheb osman ali stadium,mapped,Fatullah,Fatullah,Dhaka Division,BD,Bangladesh,23.6500,90.4900,Asia/Dhaka,BD IN LK HK AU NZ PK OM AE,open-meteo-geocoding,
Khettarama Stadium,khettarama stadium,mapped,Colombo,Colombo,Western Province,LK,Sri Lanka,6.9355,79.8487,Asia/Colombo,LK AU,open-meteo-geocoding,
Kibworth Cricket Club Ground,kibworth cricket club ground,mapped,Kibworth,Kibworth Harcourt,England,GB,United Kingdom,52.5444,-0.9949,Europe/London,GB,open-meteo-geocoding,
Kibworth Cricket Club New Ground,kibworth cricket club new ground,mapped,Kibworth,Kibworth Harcourt,England,GB,United Kingdom,52.5444,-0.9949,Europe/London,,open-meteo-geocoding,no country vote; most populous place of that name
King George V Sports Ground,king george v sports ground,mapped,Castel,Castel,Castel,GG,,49.4676,-2.6002,Europe/Guernsey,DK GG NO DE JE IT,open-meteo-geocoding,
"King George V Sports Ground, Castel",king george v sports ground castel,mapped,Castel,Castel,Castel,GG,,49.4676,-2.6002,Europe/Guernsey,GG CY DK IM JE ES CZ FI EE MT GR BG PG,open-meteo-geocoding,
Kingsmead,kingsmead,mapped,Durban,Durban,KwaZulu-Natal,ZA,South Africa,-29.8579,31.0292,Africa/Johannesburg,ZA IN PK AU NZ GB JM TT BB GY LC VC AG GD KN DM LK ZW KE,open-meteo-geocoding,
"Kingsmead, Durban",kingsmead durban,mapped,Durban,Durban,KwaZulu-Natal,ZA,South Africa,-29.8579,31.0292,Africa/Johannesburg,ZA IN AU PK BD LK GB KE NZ CA,open-meteo-geocoding,
"Kingston Twin Ovals, Hobart",kingston twin ovals hobart,mapped,Hobart,Hobart,Tasmania,AU,Australia,-42.8794,147.3294,Australia/Hobart,AU,open-meteo-geocoding,
Kinrara Academy Oval,kinrara academy oval,mapped,Kuala Lumpur,Kuala Lumpur,Kuala Lumpur,MY,Malaysia,3.1412,101.6865,Asia/Kuala_Lumpur,MY PK AU VU IN NP SG DK TH GB HK UG BD JM TT BB GY LC VC AG GD KN DM US AE MV QA CA TZ GG LK KY NG JE OM,open-meteo-geocoding,
"Kinrara Academy Oval, Kuala Lumpur",kinrara academy oval kuala lumpur,mapped,Kuala Lumpur,Kuala Lumpur,Kuala Lumpur,MY,Malaysia,3.1412,101.6865,Asia/Kuala_Lumpur,MY BD LK GB KE AE NP SG BH KW HK OM BT QA,open-meteo-geocoding,
Kinrara Oval,kinrara oval,mapped,Kuala Lumpur,Kuala Lumpur,Kuala Lumpur,MY,Malaysia,3.1412,101.6865,Asia/Kuala_Lumpur,DK VU MY BM,open-meteo-geocoding,
"Knight Riders Cricket Ground, Pomona",knight riders cricket ground pomona,mapped,Pomona,Pomona,California,US,United States,34.0553,-117.7523,America/Los_Angeles,US,open-meteo-geocoding,
Koge Cricket Club,koge cricket club,mapped,Køge,Køge,Zealand,DK,Denmark,55.4580,12.1821,Europe/Copenhagen,DK NO GI RS EE BE RO TR AT LU SE HU,open-meteo-geocoding,"hand-curated: the ground's city, country pinned"
Koge Cricket Club 2,koge cricket club 2,mapped,Køge,Køge,Zealand,DK,Denmark,55.4580,12.1821,Europe/Copenhagen,LU AT NO,open-meteo-geocoding,"hand-curated: the ground's city, country pinned"
"Kolej Tuanku Jaafar Cricket Oval, Mantin",kolej tuanku jaafar cricket oval mantin,mapped,Mantin,Māṅtin,Koshi,NP,Nepal,26.9655,87.2579,Asia/Kathmandu,QA NP HK BT,open-meteo-geocoding,
"Korogi Sports Park, Nisshin",korogi sports park nisshin,mapped,Nisshin,Ilsin,Jeollanam-do,KR,South Korea,34.5822,126.5092,Asia/Seoul,VU FJ KR CK JP PG,open-meteo-geocoding,
"Kotambi Stadium, Vadodara",kotambi stadium vadodara,mapped,Vadodara,Vadodara,Gujarat,IN,India,22.2994,73.2081,Asia/Kolkata,IN JM TT BB GY LC VC AG GD KN DM NZ,open-meteo-geocoding,
Kowloon Cricket Club,kowloon cricket club,mapped,Kowloon,Kowloon,,HK,,22.3167,114.1833,Asia/Hong_Kong,TZ IT BH HK SG UG,open-meteo-geocoding,
Kwekwe Sports Club,kwekwe sports club,mapped,Kwekwe,Kwekwe,Midlands Province,ZW,Zimbabwe,-18.9281,29.8149,Africa/Harare,NL HK NP,open-meteo-geocoding,country not among the archive's votes
"Kyambogo Cricket Ground, Kampala",kyambogo cricket ground kampala,mapped,Kampala,Kampala,Central Region,UG,Uganda,0.3163,32.5822,Africa/Kampala,UG IT BM KE HK JE,open-meteo-geocoding,
Kyambogo Cricket Oval,kyambogo cricket oval,mapped,Kampala,Kampala,Central Region,UG,Uganda,0.3163,32.5822,Africa/Kampala,GH UG NA SG OM CA US KE NG BW,open-meteo-geocoding,
LC de Villiers Oval,lc de villiers oval,mapped,Pretoria,Pretoria,Gauteng,ZA,South Africa,-25.7449,28.1878,Africa/Johannesburg,ZA PK,open-meteo-geocoding,
La Manga Club Bottom Ground,la manga club bottom ground,mapped,Murcia,Murcia,Murcia,ES,Spain,37.9870,-1.1300,Europe/Madrid,ES IM PT GI GB DE FR IE NL,open-meteo-geocoding,
La Manga Club Top Ground,la manga club top ground,mapped,Murcia,Murcia,Murcia,ES,Spain,37.9870,-1.1300,Europe/Madrid,GB ES NL HR IE DE JE FR,open-meteo-geocoding,
Lahore City Cricket Association Ground,lahore city cricket association ground,mapped,Lahore,Lahore,Punjab,PK,Pakistan,31.5580,74.3507,Asia/Karachi,GB BD TH JM TT BB GY LC VC AG GD KN DM PK IE,open-meteo-geocoding,
"Lal Bahadur Shastri Stadium, Hyderabad, Deccan",lal bahadur shastri stadium hyderabad deccan,mapped,Hyderabad,Hyderabad,Telangana,IN,India,17.3840,78.4564,Asia/Kolkata,IN NZ,open-meteo-geocoding,
Lalabhai Contractor Stadium,lalabhai contractor stadium,mapped,Surat,Surat,Gujarat,IN,India,21.1959,72.8302,Asia/Kolkata,IN ZA,open-meteo-geocoding,
Lalbhai Contractor Stadium,lalbhai contractor stadium,mapped,Surat,Surat,Gujarat,IN,India,21.1959,72.8302,Asia/Kolkata,IN,open-meteo-geocoding,"hand-curated: the ground's city, country pinned"
Las Caballerizas,las caballerizas,mapped,Mexico City,Mexico City,Mexico City,MX,Mexico,19.4285,-99.1277,America/Mexico_City,CR MX,open-meteo-geocoding,
"Latrobe Recreation Ground, Latrobe",latrobe recreation ground latrobe,mapped,Latrobe,Latrobe,Tasmania,AU,Australia,-41.2464,146.4246,Australia/Hobart,AU,open-meteo-geocoding,
Lavington Sports Oval,lavington sports oval,mapped,Albury,Albury,New South Wales,AU,Australia,-36.0748,146.9240,Australia/Sydney,AU,open-meteo-geocoding,
"Lavington Sports Oval, Albury",lavington sports oval albury,mapped,Albury,Albury,New South Wales,AU,Australia,-36.0748,146.9240,Australia/Sydney,AU,open-meteo-geocoding,
Lilac Hill Park,lilac hill park,mapped,Perth,Perth,Western Australia,AU,Australia,-31.9522,115.8614,Australia/Perth,AU,open-meteo-geocoding,
"Lilac Hill Park, Perth",lilac hill park perth,mapped,Perth,Perth,Western Australia,AU,Australia,-31.9522,115.8614,Australia/Perth,AU,open-meteo-geocoding,
"Lindum Sports Club Ground, Lincoln",lindum sports club ground lincoln,mapped,Lincoln,Lincoln,England,GB,United Kingdom,53.2268,-0.5379,Europe/London,GB,open-meteo-geocoding,
"Lisburn Cricket Club, Wallace Park, Lisburn",lisburn cricket club wallace park lisburn,mapped,Lisburn,Lisburn,Northern Ireland,GB,United Kingdom,54.5234,-6.0353,Europe/London,IE GB,open-meteo-geocoding,
Lisicji Jarak Cricket Ground,lisicji jarak cricket ground,mapped,Belgrade,Belgrade,Central Serbia,RS,Serbia,44.8040,20.4651,Europe/Belgrade,RS BG CY SI,open-meteo-geocoding,
Lochlands,lochlands,mapped,Arbroath,Arbroath,Scotland,GB,United Kingdom,56.5632,-2.5874,Europe/London,GB US NA PG NL BD,open-meteo-geocoding,
Lord's,lord s,mapped,London,London,England,GB,United Kingdom,51.5085,-0.1257,Europe/London,GB AU PK IN LK JM TT BB GY LC VC AG GD KN DM NZ ZA IE NL BD NP,open-meteo-geocoding,
"Lord's, London",lord s london,mapped,London,London,England,GB,United Kingdom,51.5085,-0.1257,Europe/London,GB IN AU NZ ZA PK JM TT BB GY LC VC AG GD KN DM IE LK BD,open-meteo-geocoding,
"Lords, St David's Cricket Club Ground",lords st david s cricket club ground,mapped,Bermuda,Bermuda,,BM,,32.3302,-64.7400,Atlantic/Bermuda,BM NP OM IT,open-meteo-geocoding,
"Los Pinos Polo Club 1, Cundinamarca",los pinos polo club 1 cundinamarca,mapped,Bogota,Bogotá,Bogota D.C.,CO,Colombia,4.6097,-74.0817,America/Bogota,MX PA BR PE,open-meteo-geocoding,country not among the archive's votes
"Los Pinos Polo Club 2, Cundinamarca",los pinos polo club 2 cundinamarca,mapped,Bogota,Bogotá,Bogota D.C.,CO,Colombia,4.6097,-74.0817,America/Bogota,PE PA,open-meteo-geocoding,country not among the archive's votes
Los Reyes Polo Club,los reyes polo club,mapped,Guacima,Guácima,Alajuela Province,CR,Costa Rica,9.9622,-84.2548,America/Costa_Rica,CR MX CL,open-meteo-geocoding,
Louth Cricket Club,louth cricket club,mapped,Louth,Louth,England,GB,United Kingdom,53.3666,-0.0044,Europe/London,GB PK,open-meteo-geocoding,"hand-curated: the ground's city, country pinned"
Lugogo Cricket Oval,lugogo cricket oval,mapped,Kampala,Kampala,Central Region,UG,Uganda,0.3163,32.5822,Africa/Kampala,UG CA OM BW US SG MY NG KE,open-meteo-geocoding,
"Lugogo Cricket Oval, Kampala",lugogo cricket oval kampala,mapped,Kampala,Kampala,Central Region,UG,Uganda,0.3163,32.5822,Africa/Kampala,UG CA HK IT KE SG TZ JE BH BM,open-meteo-geocoding,
M Chinnaswamy Stadium,m chinnaswamy stadium,mapped,Bangalore,Bangalore Town,Sindh,PK,Pakistan,24.8717,67.0839,Asia/Karachi,IN AU GB NZ ZA BD PK IE LK KE CA JM TT BB GY LC VC AG GD KN DM,open-meteo-geocoding,
"M Chinnaswamy Stadium, Bangalore",m chinnaswamy stadium bangalore,mapped,Bengaluru,Bengaluru,Karnataka,IN,India,12.9719,77.5937,Asia/Kolkata,IN ZA GB,open-meteo-geocoding,
"M Chinnaswamy Stadium, Bengaluru",m chinnaswamy stadium bengaluru,mapped,Bengaluru,Bengaluru,Karnataka,IN,India,12.9719,77.5937,Asia/Kolkata,IN LK NZ ZA AU PK GB NL,open-meteo-geocoding,
MA Aziz Stadium,ma aziz stadium,mapped,Chattogram,Chittagong,Chittagong,BD,Bangladesh,22.3384,91.8317,Asia/Dhaka,BD NZ ZW IN,open-meteo-geocoding,
"MA Aziz Stadium, Chittagong",ma aziz stadium chittagong,mapped,Chattogram,Chittagong,Chittagong,BD,Bangladesh,22.3384,91.8317,Asia/Dhaka,BD GB,open-meteo-geocoding,
MA Chidambaram Stadium,ma chidambaram stadium,mapped,Chennai,Chennai,Tamil Nadu,IN,India,13.0878,80.2785,Asia/Kolkata,IN GB AU,open-meteo-geocoding,
"MA Chidambaram Stadium, Chepauk",ma chidambaram stadium chepauk,mapped,Chennai,Chennai,Tamil Nadu,IN,India,13.0878,80.2785,Asia/Kolkata,IN JM TT BB GY LC VC AG GD KN DM GB NZ ZA AU PK KE BD IE,open-meteo-geocoding,
"MA Chidambaram Stadium, Chepauk, Chennai",ma chidambaram stadium chepauk chennai,mapped,Chennai,Chennai,Tamil Nadu,IN,India,13.0878,80.2785,Asia/Kolkata,IN ZA NZ AU BD US PK GB AE NL NA CA ZW,open-meteo-geocoding,
Madhavrao Scindia Cricket Ground,madhavrao scindia cricket ground,mapped,Rajkot,Rajkot,Gujarat,IN,India,22.2916,70.7932,Asia/Kolkata,IN LK GB,open-meteo-geocoding,
"Maharaja Yadavindra Singh International Cricket Stadium, Mullanpur",maharaja yadavindra singh international cricket stadium mullanpur,mapped,Mohali,Mohali,Punjab,IN,India,30.6800,76.7221,Asia/Kolkata,IN,open-meteo-geocoding,
"Maharaja Yadavindra Singh International Cricket Stadium, New Chandigarh",maharaja yadavindra singh international cricket stadium new chandigarh,mapped,Mohali,Mohali,Punjab,IN,India,30.6800,76.7221,Asia/Kolkata,IN AU ZA,open-meteo-geocoding,"hand-curated: the ground's city, country pinned"
Maharani Usharaje Trust Cricket Ground,maharani usharaje trust cricket ground,mapped,Indore,Indore,Madhya Pradesh,IN,India,22.7179,75.8333,Asia/Kolkata,IN GB,open-meteo-geocoding,
Maharashtra Cricket Association Stadium,maharashtra cricket association stadium,mapped,Pune,Pune,Maharashtra,IN,India,18.5196,73.8554,Asia/Kolkata,IN GB AU LK NZ JM TT BB GY LC VC AG GD KN DM ZA,open-meteo-geocoding,
"Maharashtra Cricket Association Stadium, Pune",maharashtra cricket association stadium pune,mapped,Pune,Pune,Maharashtra,IN,India,18.5196,73.8554,Asia/Kolkata,IN BD NZ GB LK ZA NL AU,open-meteo-geocoding,
"Mahinda Rajapaksa International Cricket Stadium, Sooriyawewa",mahinda rajapaksa international cricket stadium sooriyawewa,mapped,Hambantota,Hambantota,Southern Province,LK,Sri Lanka,6.1241,81.1185,Asia/Colombo,LK ZW PK ZA NZ GB AU IN BD JM TT BB GY LC VC AG GD KN DM CA KE,open-meteo-geocoding,
"Mahinda Rajapaksa International Cricket Stadium, Sooriyawewa, Hambantota",mahinda rajapaksa international cricket stadium sooriyawewa hambantota,mapped,Hambantota,Hambantota,Southern Province,LK,Sri Lanka,6.1241,81.1185,Asia/Colombo,LK JM TT BB GY LC VC AG GD KN DM PK,open-meteo-geocoding,
Mainpower Oval,mainpower oval,mapped,Rangiora,Rangiora,Canterbury,NZ,New Zealand,-43.3044,172.5836,Pacific/Auckland,NZ,open-meteo-geocoding,
"Mainpower Oval, Rangiora",mainpower oval rangiora,mapped,Rangiora,Rangiora,Canterbury,NZ,New Zealand,-43.3044,172.5836,Pacific/Auckland,NZ,open-meteo-geocoding,
Malahide,malahide,mapped,Dublin,Dublin,Leinster,IE,Ireland,53.3331,-6.2489,Europe/Dublin,IE GB BD NZ,open-meteo-geocoding,
"Malahide, Dublin",malahide dublin,mapped,Dublin,Dublin,Leinster,IE,Ireland,53.3331,-6.2489,Europe/Dublin,IE GB IN,open-meteo-geocoding,
"Malek Cricket Ground, Ajman",malek cricket ground ajman,mapped,Ajman,Ajman,Ajman Emirate,AE,United Arab Emirates,25.4018,55.4788,Asia/Dubai,HK AE,open-meteo-geocoding,
Malkerns Country Club oval,malkerns country club oval,mapped,Malkerns,Malkerns,Manzini Region,SZ,Eswatini,-26.5287,31.1919,Africa/Mbabane,MZ SZ LS,open-meteo-geocoding,
Mangaung Oval,mangaung oval,mapped,Bloemfontein,Bloemfontein,Free State,ZA,South Africa,-29.1211,26.2140,Africa/Johannesburg,ZA BD ZW GB AU,open-meteo-geocoding,
"Mangaung Oval, Bloemfontein",mangaung oval bloemfontein,mapped,Bloemfontein,Bloemfontein,Free State,ZA,South Africa,-29.1211,26.2140,Africa/Johannesburg,ZA GB AU PK,open-meteo-geocoding,
Mannofield Park,mannofield park,mapped,Aberdeen,Aberdeen,Scotland,GB,United Kingdom,57.1437,-2.0981,Europe/London,GB OM PG NL,open-meteo-geocoding,
"Mannofield Park, Aberdeen",mannofield park aberdeen,mapped,Aberdeen,Aberdeen,Scotland,GB,United Kingdom,57.1437,-2.0981,Europe/London,GB AE US,open-meteo-geocoding,
Manuka Oval,manuka oval,mapped,Canberra,Canberra,Australian Capital Territory,AU,Australia,-35.2835,149.1281,Australia/Sydney,AU GB ZA IN PK JM TT BB GY LC VC AG GD KN DM NZ TH LK BD ZW IE,open-meteo-geocoding,
"Manuka Oval, Canberra",manuka oval canberra,mapped,Canberra,Canberra,Australian Capital Territory,AU,Australia,-35.2835,149.1281,Australia/Sydney,AU GB ZA IN LK JM TT BB GY LC VC AG GD KN DM,open-meteo-geocoding,
"Maple Leaf North-East Ground, King City",maple leaf north east ground king city,mapped,King City,King City,Ontario,CA,Canada,43.9286,-79.5269,America/Toronto,CA SG DK QA MY BS BM KY VU,open-meteo-geocoding,
Maple Leaf North-West Ground,maple leaf north west ground,mapped,King City,King City,Ontario,CA,Canada,43.9286,-79.5269,America/Toronto,CA PK LK NL BM KE,open-meteo-geocoding,
"Maple Leaf North-West Ground, King City",maple leaf north west ground king city,mapped,King City,King City,Ontario,CA,Canada,43.9286,-79.5269,America/Toronto,CA NP OM KY BS BM NA US NL SG QA DK VU MY GB,open-meteo-geocoding,
Maple Leaf South-West Ground,maple leaf south west ground,mapped,King City,King City,Ontario,CA,Canada,43.9286,-79.5269,America/Toronto,KE CA,open-meteo-geocoding,
"Mardyke, Cork",mardyke cork,mapped,Cork,Cork,Munster,IE,Ireland,51.8980,-8.4706,Europe/Dublin,IE GB,open-meteo-geocoding,
"Marina Ground, Corfu",marina ground corfu,mapped,Corfu,Corfu,Ionian Islands,GR,Greece,39.5983,19.8523,Europe/Athens,GR ES DE DK BG,open-meteo-geocoding,
Marrara Cricket Ground,marrara cricket ground,mapped,Darwin,Darwin,Northern Territory,AU,Australia,-12.4611,130.8418,Australia/Darwin,AU BD,open-meteo-geocoding,
"Marrara Cricket Ground, Darwin",marrara cricket ground darwin,mapped,Darwin,Darwin,Northern Territory,AU,Australia,-12.4611,130.8418,Australia/Darwin,BD AU,open-meteo-geocoding,
"Marrara Stadium, Darwin",marrara stadium darwin,mapped,Darwin,Darwin,Northern Territory,AU,Australia,-12.4611,130.8418,Australia/Darwin,AU ZA BD,open-meteo-geocoding,
Marsa Sports Club,marsa sports club,mapped,Marsa,Marsa,Il-Marsa,MT,Malta,35.8792,14.4946,Europe/Malta,MT GI RO HU FR LU BG CZ BE AT IM GR EE HR RS,open-meteo-geocoding,
McLean Park,mclean park,mapped,Napier,Napier City,Hawke's Bay Region,NZ,New Zealand,-39.4926,176.9123,Pacific/Auckland,NZ BD IN PK GB ZW AU JM TT BB GY LC VC AG GD KN DM AE LK ZA,open-meteo-geocoding,
"McLean Park, Napier",mclean park napier,mapped,Napier,Napier City,Hawke's Bay Region,NZ,New Zealand,-39.4926,176.9123,Pacific/Auckland,NZ BD IN PK LK JM TT BB GY LC VC AG GD KN DM,open-meteo-geocoding,
"Meersen, Gent",meersen gent,mapped,Ghent,Ghent,Flanders,BE,Belgium,51.0500,3.7167,Europe/Brussels,PT MT IL ES GI BE,open-meteo-geocoding,
Melbourne Cricket Ground,melbourne cricket ground,mapped,Melbourne,Melbourne,Victoria,AU,Australia,-37.8140,144.9633,Australia/Melbourne,AU GB IN LK PK ZA NZ JM TT BB GY LC VC AG GD KN DM ZW BD IE,open-meteo-geocoding,
Mercantile Cricket Association Ground,mercantile cricket association ground,mapped,Colombo,Colombo,Free State,ZA,South Africa,-29.8357,26.5291,Africa/Johannesburg,GB ZW ZA TH LK IE PG,open-meteo-geocoding,
Merchant Taylors' School Ground,merchant taylors school ground,mapped,Northwood,Northwood,England,GB,United Kingdom,51.6116,-0.4245,Europe/London,GB,open-meteo-geocoding,
"Merchant Taylors' School Ground, Northwood",merchant taylors school ground northwood,mapped,Northwood,Northwood,England,GB,United Kingdom,51.6116,-0.4245,Europe/London,GB,open-meteo-geocoding,
Merrion Cricket Club Ground,merrion cricket club ground,mapped,Dublin,Dublin,Leinster,IE,Ireland,53.3331,-6.2489,Europe/Dublin,IE GB CA JP LK NL PK,open-meteo-geocoding,
"Merrion Cricket Club Ground, Dublin",merrion cricket club ground dublin,mapped,Dublin,Dublin,Leinster,IE,Ireland,53.3331,-6.2489,Europe/Dublin,IE GB,open-meteo-geocoding,
"Millfield School, Street",millfield school street,mapped,Street,Street,England,GB,United Kingdom,51.1247,-2.7400,Europe/London,GB,open-meteo-geocoding,
"Mission Road Ground, Mong Kok",mission road ground mong kok,mapped,Hong Kong,Hong Kong,,HK,,22.2783,114.1747,Asia/Hong_Kong,HK PG NL CN GB NP KR JP,open-meteo-geocoding,
"Mission Road Ground, Mong Kok, Hong Kong",mission road ground mong kok hong kong,mapped,Mong Kok,Mong Kok,Yau Tsim Mong District,HK,,22.3194,114.1714,Asia/Hong_Kong,HK CN KW MY NP BH JP NA TH QA PG SG UG IT TZ AE,open-meteo-geocoding,
"Mitchells and Butlers' Ground, Birmingham",mitchells and butlers ground birmingham,mapped,Birmingham,Birmingham,England,GB,United Kingdom,52.4814,-1.8998,Europe/London,GB,open-meteo-geocoding,
"Mladost Cricket Ground, Zagreb",mladost cricket ground zagreb,mapped,Zagreb,Zagreb,City of Zagreb,HR,Croatia,45.8144,15.9780,Europe/Zagreb,HR ES CY,open-meteo-geocoding,
Moara Vlasiei Cricket Ground,moara vlasiei cricket ground,mapped,Moara Vlăsiei,Moara Vlăsiei,Ilfov,RO,Romania,44.6409,26.2062,Europe/Bucharest,BG RO,open-meteo-geocoding,"hand-curated: the ground's city, country pinned"
"Moara Vlasiei Cricket Ground, Ilfov County",moara vlasiei cricket ground ilfov county,mapped,Moara Vlăsiei,Moara Vlăsiei,Ilfov,RO,Romania,44.6409,26.2062,Europe/Bucharest,RO AT MT BG TR HU CZ FR IM BE GR NO IL LU GI GG,open-meteo-geocoding,"hand-curated: the ground's city, country pinned"
Molyneux Park,molyneux park,mapped,Alexandra,Alexandra,Otago,NZ,New Zealand,-45.2484,169.3701,Pacific/Auckland,NZ,open-meteo-geocoding,
"Molyneux Park, Alexandra",molyneux park alexandra,mapped,Alexandra,Alexandra,Otago,NZ,New Zealand,-45.2484,169.3701,Pacific/Auckland,NZ,open-meteo-geocoding,
Mombasa Sports Club Ground,mombasa sports club ground,mapped,Mombasa,Mombasa,Mombasa County,KE,Kenya,-4.0547,39.6636,Africa/Nairobi,KE IE GB,open-meteo-geocoding,"hand-curated: the ground's city, country pinned"
"Moors Sports Club Ground, Colombo",moors sports club ground colombo,mapped,Colombo,Colombo,Western Province,LK,Sri Lanka,6.9355,79.8487,Asia/Colombo,LK,open-meteo-geocoding,
"Moosa Cricket Stadium, Pearland",moosa cricket stadium pearland,mapped,Pearland,Pearland,Texas,US,United States,29.5636,-95.2861,America/Chicago,US AE OM NP GB,open-meteo-geocoding,
Morodok Techo National Stadium,morodok techo national stadium,mapped,Phnom Penh,Phnom Penh,Phnom Penh,KH,Cambodia,11.5625,104.9160,Asia/Phnom_Penh,SG KH,open-meteo-geocoding,
Moses Mabhida Stadium,moses mabhida stadium,mapped,Durban,Durban,KwaZulu-Natal,ZA,South Africa,-29.8579,31.0292,Africa/Johannesburg,ZA IN,open-meteo-geocoding,
Motibaug Cricket Ground,motibaug cricket ground,mapped,Vadodara,Vadodara,Gujarat,IN,India,22.2994,73.2081,Asia/Kolkata,IN,open-meteo-geocoding,"hand-curated: the ground's city, country pinned"
Mulpani Cricket Ground,mulpani cricket ground,mapped,Kathmandu,Kathmandu,Bagmati Province,NP,Nepal,27.7017,85.3206,Asia/Kathmandu,AE HK NP US GB BD IE TH BH KW PG NL ZW NA OM,open-meteo-geocoding,
Multan Cricket Stadium,multan cricket stadium,mapped,Multan,Multan,Punjab,PK,Pakistan,30.1968,71.4782,Asia/Karachi,PK AE JM TT BB GY LC VC AG GD KN DM GB ZA ZW BD NP IN,open-meteo-geocoding,
Myreside,myreside,mapped,Edinburgh,Edinburgh,Scotland,GB,United Kingdom,55.9521,-3.1965,Europe/London,KE OM NL CA,open-meteo-geocoding,country not among the archive's votes
"N'Du Stadium, Noumea, New Caledonia",n du stadium noumea new caledonia,mapped,Noumea,Noumea,South Province,NC,,-22.2741,166.4488,Pacific/Noumea,VU FR WS FJ,open-meteo-geocoding,country not among the archive's votes
Nahar Singh Stadium,nahar singh stadium,mapped,Faridabad,Faridabad,Haryana,IN,India,28.4112,77.3132,Asia/Kolkata,IN GB,open-meteo-geocoding,
"Nahar Singh Stadium, Faridabad",nahar singh stadium faridabad,mapped,Faridabad,Faridabad,Haryana,IN,India,28.4112,77.3132,Asia/Kolkata,NZ AU,open-meteo-geocoding,country not among the archive's votes
"Namibia Cricket Ground, Windhoek",namibia cricket ground windhoek,mapped,Windhoek,Windhoek,Khomas Region,NA,Namibia,-22.5594,17.0832,Africa/Windhoek,NA HK ZW UG NG TZ GB ZA CA OM SL RW KE,open-meteo-geocoding,
Narayanganj Osmani Stadium,narayanganj osmani stadium,mapped,Fatullah,Fatullah,Dhaka Division,BD,Bangladesh,23.6500,90.4900,Asia/Dhaka,BD AU,open-meteo-geocoding,
Narendra Modi Stadium,narendra modi stadium,mapped,Ahmedabad,Ahmedabad,Gujarat,IN,India,23.0258,72.5873,Asia/Kolkata,GB IN,open-meteo-geocoding,
"Narendra Modi Stadium Ground 'A', Motera",narendra modi stadium ground a motera,mapped,Motera,Motera,Chhattisgarh,IN,India,21.4077,81.0400,Asia/Kolkata,IN,open-meteo-geocoding,
"Narendra Modi Stadium, Ahmedabad",narendra modi stadium ahmedabad,mapped,Ahmedabad,Ahmedabad,Gujarat,IN,India,23.0258,72.5873,Asia/Kolkata,IN NZ JM TT BB GY LC VC AG GD KN DM ZA AU GB PK CA NL,open-meteo-geocoding,
"Nassau County International Cricket Stadium, New York",nassau county international cricket stadium new york,mapped,New York,New York,England,GB,United Kingdom,53.0790,-0.1401,Europe/London,ZA IN IE GB CA PK LK NL BD US,open-meteo-geocoding,
National Cricket Stadium,national cricket stadium,mapped,Saint George's,St. George's,Saint George Parish,GD,Grenada,12.0529,-61.7523,America/Grenada,BD JM TT BB GY LC VC AG GD KN DM,open-meteo-geocoding,"hand-curated: the ground's city, country pinned; Grenada's national ground"
"National Cricket Stadium, Grenada",national cricket stadium grenada,mapped,St George's,St George's,Wales,GB,United Kingdom,51.4826,-3.2986,Europe/London,JM TT BB GY LC VC AG GD KN DM GB IE,open-meteo-geocoding,
"National Cricket Stadium, St George's",national cricket stadium st george s,mapped,Grenada,Grenada,,GD,Grenada,12.1167,-61.6667,America/Grenada,JM TT BB GY LC VC AG GD KN DM AU ZW NZ LK BD ZA GB US IE PK,open-meteo-geocoding,
"National Cricket Stadium, St George's, Grenada",national cricket stadium st george s grenada,mapped,St George's,St George's,Wales,GB,United Kingdom,51.4826,-3.2986,Europe/London,JM TT BB GY LC VC AG GD KN DM LK ZA GB AU,open-meteo-geocoding,
"National Sports Academy, Sofia",national sports academy sofia,mapped,Sofia,Sofia,Sofia-Capital,BG,Bulgaria,42.6975,23.3241,Europe/Sofia,RS BG RO GR TR HR,open-meteo-geocoding,
National Stadium,national stadium,mapped,Karachi,Karachi,Sindh,PK,Pakistan,24.8608,67.0104,Asia/Karachi,PK AE LK IN BM US BD JM TT BB GY LC VC AG GD KN DM CA KY ZA ZW HK BS GB NP UG,open-meteo-geocoding,
"National Stadium, Hamilton",national stadium hamilton,mapped,Hamilton,Hamilton,Ontario,CA,Canada,43.2501,-79.8496,America/Toronto,CA BM PA KY,open-meteo-geocoding,
"National Stadium, Karachi",national stadium karachi,mapped,Karachi,Karachi,Sindh,PK,Pakistan,24.8608,67.0104,Asia/Karachi,PK AE JM TT BB GY LC VC AG GD KN DM NZ ZW ZA GB AU BD,open-meteo-geocoding,
"Navy Ground, Welisara",navy ground welisara,mapped,Welisara,Welisara,Western Province,LK,Sri Lanka,7.0281,79.9014,Asia/Colombo,LK,open-meteo-geocoding,
Nehru Stadium,nehru stadium,mapped,Kochi,Kochi,Kerala,IN,India,9.9399,76.2602,Asia/Kolkata,IN AU JM TT BB GY LC VC AG GD KN DM LK PK NZ GB,open-meteo-geocoding,
"Nehru Stadium, Fatorda",nehru stadium fatorda,mapped,Margao,Madgaon,Goa,IN,India,15.2750,73.9579,Asia/Kolkata,IN GB LK,open-meteo-geocoding,
"Nehru Stadium, Poona",nehru stadium poona,mapped,Pune,Pune,Maharashtra,IN,India,18.5196,73.8554,Asia/Kolkata,NZ AU,open-meteo-geocoding,country not among the archive's votes
Nelson Park,nelson park,mapped,Napier,Napier City,Hawke's Bay Region,NZ,New Zealand,-39.4926,176.9123,Pacific/Auckland,NZ,open-meteo-geocoding,"hand-curated: the ground's city, country pinned"
"Nelson Park, Napier",nelson park napier,mapped,Napier,Napier City,Hawke's Bay Region,NZ,New Zealand,-39.4926,176.9123,Pacific/Auckland,NZ,open-meteo-geocoding,
Nevill Ground,nevill ground,mapped,Royal Tunbridge Wells,Royal Tunbridge Wells,England,GB,United Kingdom,51.1332,0.2626,Europe/London,GB,open-meteo-geocoding,"hand-curated: the ground's city, country pinned"
"Nevill Ground, Tunbridge Wells",nevill ground tunbridge wells,mapped,Royal Tunbridge Wells,Royal Tunbridge Wells,England,GB,United Kingdom,51.1332,0.2626,Europe/London,GB,open-meteo-geocoding,"hand-curated: the ground's city, country pinned"
"New Close County Cricket Ground, Newport, Isle-of-Wight",new close county cricket ground newport isle of wight,mapped,Newport,Newport,Wales,GB,United Kingdom,51.5877,-2.9983,Europe/London,GB,open-meteo-geocoding,
"New County Ground, Hove, Brighton",new county ground hove brighton,mapped,Brighton,Brighton,England,GB,United Kingdom,50.8284,-0.1395,Europe/London,GB,open-meteo-geocoding,
"New Farnley CC, Leeds",new farnley cc leeds,mapped,Leeds,Leeds,England,GB,United Kingdom,53.7965,-1.5478,Europe/London,IM BR JE,open-meteo-geocoding,country not among the archive's votes
New Strabane Park,new strabane park,mapped,Strabane,Strabane,Northern Ireland,GB,United Kingdom,54.8237,-7.4692,Europe/London,IE GB,open-meteo-geocoding,
New Wanderers Stadium,new wanderers stadium,mapped,Johannesburg,Johannesburg,Gauteng,ZA,South Africa,-26.2023,28.0436,Africa/Johannesburg,ZA IN AU LK PK JM TT BB GY LC VC AG GD KN DM GB NZ BD KE,open-meteo-geocoding,
"New Wanderers Stadium, Johannesburg",new wanderers stadium johannesburg,mapped,Johannesburg,Johannesburg,Gauteng,ZA,South Africa,-26.2023,28.0436,Africa/Johannesburg,ZA AU IN JM TT BB GY LC VC AG GD KN DM PK NZ KE BD LK,open-meteo-geocoding,
New Williamfield No1 Oval,new williamfield no1 oval,mapped,Stirling,Stirling,Scotland,GB,United Kingdom,56.1190,-3.9368,Europe/London,NL GB US CA AE,open-meteo-geocoding,
"New Williamfield No1 Oval, Stirling",new williamfield no1 oval stirling,mapped,Stirling,Stirling,Scotland,GB,United Kingdom,56.1190,-3.9368,Europe/London,NL GB,open-meteo-geocoding,
Newlands,newlands,mapped,Cape Town,Cape Town,Western Cape,ZA,South Africa,-33.9258,18.4232,Africa/Johannesburg,ZA AU IN GB PK LK JM TT BB GY LC VC AG GD KN DM NZ ZW BD,open-meteo-geocoding,
"Newlands, Cape Town",newlands cape town,mapped,Cape Town,Cape Town,Western Cape,ZA,South Africa,-33.9258,18.4232,Africa/Johannesburg,ZA IN PK GB JM TT BB GY LC VC AG GD KN DM LK BD IE AU KE NZ CA,open-meteo-geocoding,
"Niaz Stadium, Hyderabad",niaz stadium hyderabad,mapped,Sind,Sind,Khyber Pakhtunkhwa,PK,Pakistan,32.6854,70.1778,Asia/Karachi,ZW PK,open-meteo-geocoding,
"Nigeria Cricket Federation Oval 1, Abuja",nigeria cricket federation oval 1 abuja,mapped,Abuja,Abuja,FCT,NG,Nigeria,9.0579,7.4951,Africa/Lagos,SL NG ZM RW SZ BW,open-meteo-geocoding,
"Nigeria Cricket Federation Oval 2, Abuja",nigeria cricket federation oval 2 abuja,mapped,Abuja,Abuja,FCT,NG,Nigeria,9.0579,7.4951,Africa/Lagos,SL SZ NG BW,open-meteo-geocoding,
"Niranjan Shah Stadium, Rajkot",niranjan shah stadium rajkot,mapped,Rajkot,Rajkot,Gujarat,IN,India,22.2916,70.7932,Asia/Kolkata,IN NZ,open-meteo-geocoding,
Nondescripts Cricket Club Ground,nondescripts cricket club ground,mapped,Colombo,Colombo,Western Province,LK,Sri Lanka,6.9355,79.8487,Asia/Colombo,LK PK ZA PG BD IN IE GB ZW,open-meteo-geocoding,
"Nondescripts Cricket Club Ground, Colombo",nondescripts cricket club ground colombo,mapped,Colombo,Colombo,Western Province,LK,Sri Lanka,6.9355,79.8487,Asia/Colombo,LK,open-meteo-geocoding,
North Dalton Park,north dalton park,mapped,Wollongong,Wollongong,New South Wales,AU,Australia,-34.4240,150.8935,Australia/Sydney,AU,open-meteo-geocoding,
"North Dalton Park, Wollongong",north dalton park wollongong,mapped,Wollongong,Wollongong,New South Wales,AU,Australia,-34.4240,150.8935,Australia/Sydney,AU,open-meteo-geocoding,
North Marine Road Ground,north marine road ground,mapped,Scarborough,Scarborough,England,GB,United Kingdom,54.2797,-0.4044,Europe/London,GB IN,open-meteo-geocoding,
"North Marine Road Ground, Scarborough",north marine road ground scarborough,mapped,Scarborough,Scarborough,England,GB,United Kingdom,54.2797,-0.4044,Europe/London,GB,open-meteo-geocoding,
North Sydney Oval,north sydney oval,mapped,Sydney,Sydney,New South Wales,AU,Australia,-33.8678,151.2073,Australia/Sydney,AU NZ LK GB IN JM TT BB GY LC VC AG GD KN DM,open-meteo-geocoding,
North Sydney Oval No.2,north sydney oval no 2,mapped,Sydney,Sydney,New South Wales,AU,Australia,-33.8678,151.2073,Australia/Sydney,AU,open-meteo-geocoding,
"North Sydney Oval, Sydney",north sydney oval sydney,mapped,Sydney,Sydney,New South Wales,AU,Australia,-33.8678,151.2073,Australia/Sydney,AU GB PK JM TT BB GY LC VC AG GD KN DM ZA,open-meteo-geocoding,
"North West Cricket Stadium, Potchefstroom",north west cricket stadium potchefstroom,mapped,Potchefstroom,Potchefstroom,North West,ZA,South Africa,-26.7167,27.1000,Africa/Johannesburg,KE ZA AU NA,open-meteo-geocoding,
North-West University No1 Ground,north west university no1 ground,mapped,Potchefstroom,Potchefstroom,North West,ZA,South Africa,-26.7167,27.1000,Africa/Johannesburg,IN IE GB ZA ZW,open-meteo-geocoding,
Nuriootpa Centennial Park,nuriootpa centennial park,mapped,Nuriootpa,Nuriootpa,South Australia,AU,Australia,-34.4682,138.9977,Australia/Adelaide,AU,open-meteo-geocoding,
OUTsurance Oval,outsurance oval,mapped,Bloemfontein,Bloemfontein,Free State,ZA,South Africa,-29.1211,26.2140,Africa/Johannesburg,ZA ZW IN BD KE,open-meteo-geocoding,
Oak Hill Cricket Club,oak hill cricket club,mapped,Wicklow,Wicklow,Leinster,IE,Ireland,52.9750,-6.0494,Europe/Dublin,IE GB,open-meteo-geocoding,
Oakham School Ground,oakham school ground,mapped,Oakham,Oakham,England,GB,United Kingdom,52.6667,-0.7333,Europe/London,GB,open-meteo-geocoding,
"Oakland Coliseum,Oakland",oakland coliseum oakland,mapped,Oakland,Oakland,California,US,United States,37.8044,-122.2708,America/Los_Angeles,US,open-meteo-geocoding,
"Observatory Lane, Rathmines",observatory lane rathmines,mapped,Dublin,Dublin,Leinster,IE,Ireland,53.3331,-6.2489,Europe/Dublin,IE GB PK,open-meteo-geocoding,
"Observatory Lane, Rathmines, Dublin",observatory lane rathmines dublin,mapped,Dublin,Dublin,Leinster,IE,Ireland,53.3331,-6.2489,Europe/Dublin,IE GB,open-meteo-geocoding,
Old Deer Park,old deer park,mapped,Kew,Kew,England,GB,United Kingdom,51.4817,-0.2875,Europe/London,GB,open-meteo-geocoding,"hand-curated: the ground's city, country pinned; Richmond upon Thames"
"Old Deer Park, Richmond",old deer park richmond,mapped,Kew,Kew,England,GB,United Kingdom,51.4817,-0.2875,Europe/London,GB,open-meteo-geocoding,"hand-curated: the ground's city, country pinned; Richmond upon Thames"
"Old Edwardians Cricket Club Ground, Solihull",old edwardians cricket club ground solihull,mapped,Solihull,Solihull,England,GB,United Kingdom,52.4143,-1.7809,Europe/London,GB,open-meteo-geocoding,
Old Hararians,old hararians,mapped,Harare,Harare,Harare,ZW,Zimbabwe,-17.8277,31.0534,Africa/Harare,ZW MZ UG JM TT BB GY LC VC AG GD KN DM AE PG NG RW IE GB HK SL NA KE,open-meteo-geocoding,
Old Hararians Sports Club,old hararians sports club,mapped,Harare,Harare,Harare,ZW,Zimbabwe,-17.8277,31.0534,Africa/Harare,NL PG IE GB NP,open-meteo-geocoding,country not among the archive's votes
"Old Hararians, Harare",old hararians harare,mapped,Harare,Harare,Harare,ZW,Zimbabwe,-17.8277,31.0534,Africa/Harare,PK BD US TH,open-meteo-geocoding,country not among the archive's votes
Old Trafford,old trafford,mapped,Manchester,Manchester,England,GB,United Kingdom,53.4809,-2.2374,Europe/London,GB AU PK JM TT BB GY LC VC AG GD KN DM IN NZ ZA LK BD,open-meteo-geocoding,
"Old Trafford, Manchester",old trafford manchester,mapped,Manchester,Manchester,England,GB,United Kingdom,53.4809,-2.2374,Europe/London,GB IN ZA PK AU LK NZ IE BD,open-meteo-geocoding,
Ovale di Rastignano,ovale di rastignano,mapped,Pianoro,Pianoro,Emilia-Romagna,IT,Italy,44.3889,11.3426,Europe/Rome,US NP IT AR,open-meteo-geocoding,
P Sara Oval,p sara oval,mapped,Colombo,Colombo,Western Province,LK,Sri Lanka,6.9355,79.8487,Asia/Colombo,LK IN BD GB ZA PK NZ IE ZW HK NP JM TT BB GY LC VC AG GD KN DM,open-meteo-geocoding,
"P Sara Oval, Colombo",p sara oval colombo,mapped,Colombo,Colombo,Western Province,LK,Sri Lanka,6.9355,79.8487,Asia/Colombo,LK NZ BD,open-meteo-geocoding,
P Saravanamuttu Stadium,p saravanamuttu stadium,mapped,Colombo,Colombo,Western Province,LK,Sri Lanka,6.9355,79.8487,Asia/Colombo,LK BD IN,open-meteo-geocoding,
Pallekele International Cricket Stadium,pallekele international cricket stadium,mapped,Kandy,Kandy,Central Province,LK,Sri Lanka,7.2906,80.6336,Asia/Colombo,LK NZ IN GB JM TT BB GY LC VC AG GD KN DM AU PK BD ZW ZA OM NP,open-meteo-geocoding,
Panadura Esplanade,panadura esplanade,mapped,Panadura,Panadura,Western Province,LK,Sri Lanka,6.7132,79.9026,Asia/Colombo,LK,open-meteo-geocoding,
"Park 25 No 2, Adelaide",park 25 no 2 adelaide,mapped,Adelaide,Adelaide,South Australia,AU,Australia,-34.9287,138.5986,Australia/Adelaide,AU,open-meteo-geocoding,
"Pembroke Cricket Club, Sandymount",pembroke cricket club sandymount,mapped,Dublin,Dublin,Leinster,IE,Ireland,53.3331,-6.2489,Europe/Dublin,BD IE GB,open-meteo-geocoding,
"Pembroke Cricket Club, Sandymount, Dublin",pembroke cricket club sandymount dublin,mapped,Dublin,Dublin,Leinster,IE,Ireland,53.3331,-6.2489,Europe/Dublin,IE GB ZW ZA LK,open-meteo-geocoding,
"Penrhyn Avenue, Rhos-on-Sea, Colwyn Bay",penrhyn avenue rhos on sea colwyn bay,mapped,Colwyn Bay,Colwyn Bay,Wales,GB,United Kingdom,53.2948,-3.7267,Europe/London,GB,open-meteo-geocoding,
Perth Stadium,perth stadium,mapped,Perth,Perth,Western Australia,AU,Australia,-31.9522,115.8614,Australia/Perth,AU PK IN GB ZA JM TT BB GY LC VC AG GD KN DM NZ LK ZW NL,open-meteo-geocoding,
Peter Burge Oval,peter burge oval,mapped,Brisbane,Brisbane,Queensland,AU,Australia,-27.4679,153.0281,Australia/Brisbane,AU PK,open-meteo-geocoding,
Pierre Werner Cricket Ground,pierre werner cricket ground,mapped,Walferdange,Walferdange,Luxembourg,LU,Luxembourg,49.6632,6.1322,Europe/Luxembourg,LU BE AT CZ,open-meteo-geocoding,
Pokhara Rangasala,pokhara rangasala,mapped,Pokhara,Pokhara,Gandaki Pradesh,NP,Nepal,28.2669,83.9685,Asia/Kathmandu,NP MV BD,open-meteo-geocoding,
"Police Park Ground, Colombo",police park ground colombo,mapped,Colombo,Colombo,Western Province,LK,Sri Lanka,6.9355,79.8487,Asia/Colombo,LK,open-meteo-geocoding,
Prairie View Cricket Complex,prairie view cricket complex,mapped,Houston,Houston,Texas,US,United States,29.7633,-95.3633,America/Chicago,US CA BD,open-meteo-geocoding,
Prem Tinsulanonda International School,prem tinsulanonda international school,mapped,Chiang Mai,Chiang Mai,Chiang Mai,TH,Thailand,18.7904,98.9847,Asia/Bangkok,BH TH BT SA CN,open-meteo-geocoding,
Providence Stadium,providence stadium,mapped,Guyana,Guyana,,GY,Guyana,5.0000,-59.0000,America/Guyana,JM TT BB GY LC VC AG GD KN DM US GB PK IE NZ AU ZW ZA LK BD IN,open-meteo-geocoding,
"Providence Stadium, Guyana",providence stadium guyana,mapped,Providence,Providence,Rhode Island,US,United States,41.8240,-71.4128,America/New_York,JM TT BB GY LC VC AG GD KN DM US IN BD PK NZ PG UG GB ZA,open-meteo-geocoding,
Pukekura Park,pukekura park,mapped,New Plymouth,New Plymouth,Taranaki Region,NZ,New Zealand,-39.0667,174.0833,Pacific/Auckland,NZ JM TT BB GY LC VC AG GD KN DM,open-meteo-geocoding,
"Pukekura Park, New Plymouth",pukekura park new plymouth,mapped,New Plymouth,New Plymouth,Taranaki Region,NZ,New Zealand,-39.0667,174.0833,Pacific/Auckland,NZ,open-meteo-geocoding,
Punjab Cricket Association IS Bindra Stadium,punjab cricket association is bindra stadium,mapped,Chandigarh,Chandigarh,Chandigarh,IN,India,30.7363,76.7884,Asia/Kolkata,IN,open-meteo-geocoding,
"Punjab Cricket Association IS Bindra Stadium, Mohali",punjab cricket association is bindra stadium mohali,mapped,Chandigarh,Chandigarh,Chandigarh,IN,India,30.7363,76.7884,Asia/Kolkata,IN GB LK AU NZ PK IE ZA JM TT BB GY LC VC AG GD KN DM,open-meteo-geocoding,
"Punjab Cricket Association IS Bindra Stadium, Mohali, Chandigarh",punjab cricket association is bindra stadium mohali chandigarh,mapped,Chandigarh,Chandigarh,Chandigarh,IN,India,30.7363,76.7884,Asia/Kolkata,IN AU LK,open-meteo-geocoding,
"Punjab Cricket Association Stadium, Mohali",punjab cricket association stadium mohali,mapped,Chandigarh,Chandigarh,Chandigarh,IN,India,30.7363,76.7884,Asia/Kolkata,IN AU PK GB NZ ZA LK BD NL IE JM TT BB GY LC VC AG GD KN DM,open-meteo-geocoding,
"Punjab Cricket Association Stadium, Mohali, Chandigarh",punjab cricket association stadium mohali chandigarh,mapped,Chandigarh,Chandigarh,Chandigarh,IN,India,30.7363,76.7884,Asia/Kolkata,NZ IN,open-meteo-geocoding,
Queen Elizabeth II Oval,queen elizabeth ii oval,mapped,Bendigo,Bendigo,Victoria,AU,Australia,-36.7582,144.2802,Australia/Melbourne,AU VU WS,open-meteo-geocoding,
Queen's Park,queen s park,mapped,Chesterfield,Chesterfield,England,GB,United Kingdom,53.2500,-1.4167,Europe/London,GB NZ,open-meteo-geocoding,
"Queen's Park (New), St George's, Grenada",queen s park new st george s grenada,mapped,Saint George's,St. George's,Saint George Parish,GD,Grenada,12.0529,-61.7523,America/Grenada,AU JM TT BB GY LC VC AG GD KN DM,open-meteo-geocoding,"hand-curated: the ground's city, country pinned"
Queen's Park Oval,queen s park oval,mapped,Port of Spain,Port of Spain,Port of Spain,TT,Trinidad and Tobago,10.6667,-61.5189,America/Port_of_Spain,JM TT BB GY LC VC AG GD KN DM GB,open-meteo-geocoding,
"Queen's Park Oval, Port of Spain",queen s park oval port of spain,mapped,Trinidad,Trinidad,,TT,Trinidad and Tobago,10.4611,-61.2570,America/Port_of_Spain,JM TT BB GY LC VC AG GD KN DM US IN LK ZW PK ZA BM BD GB AU NZ,open-meteo-geocoding,
"Queen's Park Oval, Port of Spain, Trinidad",queen s park oval port of spain trinidad,mapped,Port of Spain,Port of Spain,Port of Spain,TT,Trinidad and Tobago,10.6667,-61.5189,America/Port_of_Spain,JM TT BB GY LC VC AG GD KN DM US IN ZA PK,open-meteo-geocoding,
"Queen's Park Oval, Trinidad",queen s park oval trinidad,mapped,Port of Spain,Port of Spain,Port of Spain,TT,Trinidad and Tobago,10.6667,-61.5189,America/Port_of_Spain,JM TT BB GY LC VC AG GD KN DM IN,open-meteo-geocoding,
"Queen's Park, Chesterfield",queen s park chesterfield,mapped,Chesterfield,Chesterfield,England,GB,United Kingdom,53.2500,-1.4167,Europe/London,GB,open-meteo-geocoding,
"Queen's Park, Invercargill",queen s park invercargill,mapped,Invercargill,Invercargill,Southland,NZ,New Zealand,-46.4000,168.3500,Pacific/Auckland,NZ,open-meteo-geocoding,
Queens Sports Club,queens sports club,mapped,Bulawayo,Bulawayo,Bulawayo,ZW,Zimbabwe,-20.1500,28.5833,Africa/Harare,ZW BD PK JM TT BB GY LC VC AG GD KN DM LK NZ IN GB ZA NP HK AE,open-meteo-geocoding,
"Queens Sports Club, Bulawayo",queens sports club bulawayo,mapped,Bulawayo,Bulawayo,Bulawayo,ZW,Zimbabwe,-20.1500,28.5833,Africa/Harare,ZW NA NL AE GB PK LK BD JM TT BB GY LC VC AG GD KN DM UG IE PG JE HK OM ZA NZ SG US AU,open-meteo-geocoding,
Queenstown Events Centre,queenstown events centre,mapped,Queenstown,Queenstown,Otago,NZ,New Zealand,-45.0302,168.6627,Pacific/Auckland,NZ JM TT BB GY LC VC AG GD KN DM BD PK,open-meteo-geocoding,
R Premadasa Stadium,r premadasa stadium,mapped,Colombo,Colombo,Western Province,LK,Sri Lanka,6.9355,79.8487,Asia/Colombo,LK PK IN AU JM TT BB GY LC VC AG GD KN DM GB ZA BD NZ IE KE CA,open-meteo-geocoding,
"R Premadasa Stadium, Colombo",r premadasa stadium colombo,mapped,Colombo,Colombo,Western Province,LK,Sri Lanka,6.9355,79.8487,Asia/Colombo,LK IN ZW ZA AU PK GB BD NZ IE,open-meteo-geocoding,
"R.Premadasa Stadium, Khettarama",r premadasa stadium khettarama,mapped,Colombo,Colombo,Western Province,LK,Sri Lanka,6.9355,79.8487,Asia/Colombo,LK IN BD ZW GB ZA JM TT BB GY LC VC AG GD KN DM,open-meteo-geocoding,
"Racecourse Ground, Derby",racecourse ground derby,mapped,Derby,Derby,England,GB,United Kingdom,52.9228,-1.4766,Europe/London,GB,open-meteo-geocoding,
Radlett Cricket Club,radlett cricket club,mapped,Radlett,Radlett,England,GB,United Kingdom,51.6859,-0.3187,Europe/London,GB,open-meteo-geocoding,
"Radlett Cricket Club, Radlett",radlett cricket club radlett,mapped,Radlett,Radlett,England,GB,United Kingdom,51.6859,-0.3187,Europe/London,GB,open-meteo-geocoding,
Rajiv Gandhi International Stadium,rajiv gandhi international stadium,mapped,Hyderabad,Hyderabad,Telangana,IN,India,17.3840,78.4564,Asia/Kolkata,IN,open-meteo-geocoding,
"Rajiv Gandhi International Stadium, Uppal",rajiv gandhi international stadium uppal,mapped,Hyderabad,Hyderabad,Telangana,IN,India,17.3840,78.4564,Asia/Kolkata,IN AU JM TT BB GY LC VC AG GD KN DM NZ BD ZA GB LK,open-meteo-geocoding,
"Rajiv Gandhi International Stadium, Uppal, Hyderabad",rajiv gandhi international stadium uppal hyderabad,mapped,Hyderabad,Hyderabad,Telangana,IN,India,17.3840,78.4564,Asia/Kolkata,IN NZ PK NL AU LK GB BD,open-meteo-geocoding,
Rangiri Dambulla International Stadium,rangiri dambulla international stadium,mapped,Dambulla,Dambulla,Central Province,LK,Sri Lanka,7.8600,80.6517,Asia/Colombo,LK IN PK NZ BD JM TT BB GY LC VC AG GD KN DM AU GB ZA AE NP TH MY,open-meteo-geocoding,
Rawalpindi Cricket Stadium,rawalpindi cricket stadium,mapped,Rawalpindi,Rawalpindi,Punjab,PK,Pakistan,33.5973,73.0479,Asia/Karachi,PK AE ZW LK NZ BD ZA GB IN AU,open-meteo-geocoding,
"Ray Mitchell Oval, Harrup Park, Mackay",ray mitchell oval harrup park mackay,mapped,Mackay,Mackay,Queensland,AU,Australia,-21.1534,149.1655,Australia/Brisbane,AU IN,open-meteo-geocoding,
"Reforma Athletic Club, Naucalpan",reforma athletic club naucalpan,mapped,Naucalpan,Naucalpan,México,MX,Mexico,19.4785,-99.2396,America/Mexico_City,CR MX BR CA US AR,open-meteo-geocoding,
Reliance Cricket Stadium,reliance cricket stadium,mapped,Vadodara,Vadodara,Gujarat,IN,India,22.2994,73.2081,Asia/Kolkata,IN,open-meteo-geocoding,"hand-curated: the ground's city, country pinned"
Reliance Stadium,reliance stadium,mapped,Vadodara,Vadodara,Gujarat,IN,India,22.2994,73.2081,Asia/Kolkata,IN AU ZA LK NZ,open-meteo-geocoding,
Repton School Ground,repton school ground,mapped,Repton,Repton,England,GB,United Kingdom,52.8398,-1.5506,Europe/London,,open-meteo-geocoding,no country vote; most populous place of that name
Riverside Ground,riverside ground,mapped,Chester-le-Street,Chester-le-Street,England,GB,United Kingdom,54.8586,-1.5741,Europe/London,GB AU JM TT BB GY LC VC AG GD KN DM LK NZ ZA BD PK IN,open-meteo-geocoding,
"Riverside Ground, Chester-le-Street",riverside ground chester le street,mapped,Chester-le-Street,Chester-le-Street,England,GB,United Kingdom,54.8586,-1.5741,Europe/London,GB IN NZ LK ZA AU JM TT BB GY LC VC AG GD KN DM,open-meteo-geocoding,
"Riverway Stadium, Townsville",riverway stadium townsville,mapped,Townsville,Townsville,Queensland,AU,Australia,-19.2664,146.8057,Australia/Brisbane,AU ZW,open-meteo-geocoding,
Roma Cricket Ground,roma cricket ground,mapped,Spinaceto,Spinaceto,Lazio,IT,Italy,41.7786,12.4424,Europe/Rome,IT IM LU DE IL PT JE FR RO TR ES AT HU SE,open-meteo-geocoding,
"Rookwood, Sale",rookwood sale,mapped,Sale,Sale,England,GB,United Kingdom,53.4252,-2.3244,Europe/London,GB,open-meteo-geocoding,
"Roseworth Terrace, Gosforth",roseworth terrace gosforth,mapped,Gosforth,Gosforth,England,GB,United Kingdom,55.0000,-1.6167,Europe/London,GB,open-meteo-geocoding,
"Royal Brunswick Ground, Hove, Brighton",royal brunswick ground hove brighton,mapped,Brighton,Brighton,England,GB,United Kingdom,50.8284,-0.1395,Europe/London,GB,open-meteo-geocoding,
"Royal Brussels Cricket Club Ground, Waterloo",royal brussels cricket club ground waterloo,mapped,Waterloo,Waterloo,Wallonia,BE,Belgium,50.7147,4.3991,Europe/Brussels,DK BE GI HU PT ES IL MT,open-meteo-geocoding,
Royal Chiangmai Golf Club,royal chiangmai golf club,mapped,Chiang Mai,Chiang Mai,Chiang Mai,TH,Thailand,18.7904,98.9847,Asia/Bangkok,TH NL BH KW SA QA CN BT,open-meteo-geocoding,
Royal Selangor Club,royal selangor club,mapped,Kuala Lumpur,Kuala Lumpur,Kuala Lumpur,MY,Malaysia,3.1412,101.6865,Asia/Kuala_Lumpur,MY TH LK BM DK JE IN UG VU PK NG TZ,open-meteo-geocoding,
"Royal Selangor Club, Kuala Lumpur",royal selangor club kuala lumpur,mapped,Kuala Lumpur,Kuala Lumpur,Kuala Lumpur,MY,Malaysia,3.1412,101.6865,Asia/Kuala_Lumpur,ID MY BH QA AE OM CN JP KW MM TH SG,open-meteo-geocoding,
Ruaraka Sports Club Ground,ruaraka sports club ground,mapped,Nairobi,Nairobi,Nairobi County,KE,Kenya,-1.2833,36.8167,Africa/Nairobi,BM NL,open-meteo-geocoding,country not among the archive's votes
"Ruaraka Sports Club Ground, Nairobi",ruaraka sports club ground nairobi,mapped,Nairobi,Nairobi,Nairobi County,KE,Kenya,-1.2833,36.8167,Africa/Nairobi,KE PG KW JE DK QA MZ RW SC GM ZW,open-meteo-geocoding,
Rugby School Ground,rugby school ground,mapped,Rugby,Rugby,England,GB,United Kingdom,52.3709,-1.2642,Europe/London,GB,open-meteo-geocoding,
SSC Karlsruhe,ssc karlsruhe,mapped,Karlsruhe,Karlsruhe,Baden-Wurttemberg,DE,Germany,49.0094,8.4044,Europe/Berlin,DE,open-meteo-geocoding,
SSN College Ground,ssn college ground,mapped,Chennai,Chennai,Tamil Nadu,IN,India,13.0878,80.2785,Asia/Kolkata,IN,open-meteo-geocoding,"hand-curated: the ground's city, country pinned"
"Sabina Park, Jamaica",sabina park jamaica,mapped,Kingston,Kingston,Kingston,JM,Jamaica,17.9970,-76.7936,America/Jamaica,JM TT BB GY LC VC AG GD KN DM IN,open-meteo-geocoding,
"Sabina Park, Kingston",sabina park kingston,mapped,Jamaica,Jamaica,,JM,Jamaica,18.1772,-77.3712,America/Jamaica,JM TT BB GY LC VC AG GD KN DM US IN GB IE NZ PK ZW LK AU BD ZA,open-meteo-geocoding,
"Sabina Park, Kingston, Jamaica",sabina park kingston jamaica,mapped,Kingston,Kingston,Kingston,JM,Jamaica,17.9970,-76.7936,America/Jamaica,JM TT BB GY LC VC AG GD KN DM AU US LK IE GB NZ ZA PK BD,open-meteo-geocoding,
San Albano,san albano,mapped,Buenos Aires,Buenos Aires,Buenos Aires F.D.,AR,Argentina,-34.6131,-58.3772,America/Argentina/Buenos_Aires,AR CL,open-meteo-geocoding,"hand-curated: the ground's city, country pinned"
Sano International Cricket Ground,sano international cricket ground,mapped,Sano,Sano,Tochigi,JP,Japan,36.3167,139.5833,Asia/Tokyo,JP ID WS VU MN CK PG PH CN SG TH KR HK,open-meteo-geocoding,
Sano International Cricket Ground 2,sano international cricket ground 2,mapped,Sano,Sano,Tochigi,JP,Japan,36.3167,139.5833,Asia/Tokyo,PH KR FJ MN,open-meteo-geocoding,country not among the archive's votes
Santarem Cricket Ground,santarem cricket ground,mapped,Albergaria,Albergaria-a-Velha,Aveiro District,PT,Portugal,40.6932,-8.4799,Europe/Lisbon,PT NO FR GI,open-meteo-geocoding,
Sao Fernando Polo and Cricket Club,sao fernando polo and cricket club,mapped,Seropedica,Seropédica,Rio de Janeiro,BR,Brazil,-22.7439,-43.7075,America/Sao_Paulo,MX BR AR,open-meteo-geocoding,
"Sao Fernando Polo and Cricket Club, Campo Sede",sao fernando polo and cricket club campo sede,mapped,Seropedica,Seropédica,Rio de Janeiro,BR,Brazil,-22.7439,-43.7075,America/Sao_Paulo,PA MX,open-meteo-geocoding,country not among the archive's votes
"Sardar Patel (Gujarat) Stadium, Motera",sardar patel gujarat stadium motera,mapped,Ahmedabad,Ahmedabad,Gujarat,IN,India,23.0258,72.5873,Asia/Kolkata,IN LK PK,open-meteo-geocoding,
Sardar Patel Stadium,sardar patel stadium,mapped,Ahmedabad,Ahmedabad,Gujarat,IN,India,23.0258,72.5873,Asia/Kolkata,IN LK,open-meteo-geocoding,
"Sardar Patel Stadium, Motera",sardar patel stadium motera,mapped,Ahmedabad,Ahmedabad,Gujarat,IN,India,23.0258,72.5873,Asia/Kolkata,IN JM TT BB GY LC VC AG GD KN DM ZW LK ZA GB AU NZ PK,open-meteo-geocoding,
Saurashtra Cricket Association Stadium,saurashtra cricket association stadium,mapped,Rajkot,Rajkot,Gujarat,IN,India,22.2916,70.7932,Asia/Kolkata,IN GB AU NZ JM TT BB GY LC VC AG GD KN DM BD ZA,open-meteo-geocoding,
"Saurashtra Cricket Association Stadium, Rajkot",saurashtra cricket association stadium rajkot,mapped,Rajkot,Rajkot,Gujarat,IN,India,22.2916,70.7932,Asia/Kolkata,IN GB IE ZA LK AU,open-meteo-geocoding,
Sawai Mansingh Stadium,sawai mansingh stadium,mapped,Jaipur,Jaipur,Rajasthan,IN,India,26.9196,75.7878,Asia/Kolkata,IN BD JM TT BB GY LC VC AG GD KN DM GB PK AU ZA ZW LK NZ,open-meteo-geocoding,
"Sawai Mansingh Stadium, Jaipur",sawai mansingh stadium jaipur,mapped,Jaipur,Jaipur,Rajasthan,IN,India,26.9196,75.7878,Asia/Kolkata,IN NZ,open-meteo-geocoding,
Saxton Oval,saxton oval,mapped,Nelson,Nelson,Nelson Region,NZ,New Zealand,-41.2708,173.2840,Pacific/Auckland,NZ LK BD PK JM TT BB GY LC VC AG GD KN DM GB AU IE AE ZW,open-meteo-geocoding,
"Saxton Oval, Nelson",saxton oval nelson,mapped,Nelson,Nelson,Nelson Region,NZ,New Zealand,-41.2708,173.2840,Pacific/Auckland,NZ LK GB JM TT BB GY LC VC AG GD KN DM BD,open-meteo-geocoding,
"Scott Page Field, Vinor",scott page field vinor,mapped,Prague,Prague,Prague,CZ,Czechia,50.0880,14.4208,Europe/Prague,CZ AT LU GI CY HR NO HU RS,open-meteo-geocoding,
Sea Breeze Oval,sea breeze oval,mapped,Hamilton,Hamilton,Ohio,US,United States,39.3995,-84.5613,America/New_York,AR US,open-meteo-geocoding,
Sector 16 Stadium,sector 16 stadium,mapped,Chandigarh,Chandigarh,Chandigarh,IN,India,30.7363,76.7884,Asia/Kolkata,IN AU,open-meteo-geocoding,
Sedbergh School,sedbergh school,mapped,Sedbergh,Sedbergh,England,GB,United Kingdom,54.3212,-2.5251,Europe/London,GB,open-meteo-geocoding,
Seddon Park,seddon park,mapped,Hamilton,Hamilton,Waikato Region,NZ,New Zealand,-37.7833,175.2833,Pacific/Auckland,NZ IN ZA GB PK AU JM TT BB GY LC VC AG GD KN DM BD ZW LK IE,open-meteo-geocoding,
"Seddon Park, Hamilton",seddon park hamilton,mapped,Hamilton,Hamilton,Waikato Region,NZ,New Zealand,-37.7833,175.2833,Pacific/Auckland,NZ ZW GB IN PK ZA JM TT BB GY LC VC AG GD KN DM BD NL LK AU,open-meteo-geocoding,
Sedgars Park,sedgars park,mapped,Potchefstroom,Potchefstroom,North West,ZA,South Africa,-26.7167,27.1000,Africa/Johannesburg,ZW ZA BM CA,open-meteo-geocoding,
"Sedgars Park, Potchefstroom",sedgars park potchefstroom,mapped,Potchefstroom,Potchefstroom,North West,ZA,South Africa,-26.7167,27.1000,Africa/Johannesburg,ZA AU,open-meteo-geocoding,
Seebarn Cricket Centre,seebarn cricket centre,mapped,Lower Austria,Lower Austria Prealps,Lower Austria,AT,Austria,48.0607,15.2001,Europe/Vienna,DE AT,open-meteo-geocoding,
"Seebarn Cricket Centre, Lower Austria",seebarn cricket centre lower austria,mapped,Lower Austria,Lower Austria Prealps,Lower Austria,AT,Austria,48.0607,15.2001,Europe/Vienna,DE AT,open-meteo-geocoding,
Selangor Turf Club,selangor turf club,mapped,Kuala Lumpur,Kuala Lumpur,Kuala Lumpur,MY,Malaysia,3.1412,101.6865,Asia/Kuala_Lumpur,SG MY NP DK VU US BM CA QA HK TZ AE OM UG,open-meteo-geocoding,
"Selangor Turf Club, Kuala Lumpur",selangor turf club kuala lumpur,mapped,Kuala Lumpur,Kuala Lumpur,Kuala Lumpur,MY,Malaysia,3.1412,101.6865,Asia/Kuala_Lumpur,MY KW HK AE BH OM BT ID CN NP QA TH JP NA SG MV MN MM,open-meteo-geocoding,
Senwes Park,senwes park,mapped,Potchefstroom,Potchefstroom,North West,ZA,South Africa,-26.7167,27.1000,Africa/Johannesburg,ZA LK BD ZW GB IN IE PK NZ AU,open-meteo-geocoding,
"Senwes Park, Potchefstroom",senwes park potchefstroom,mapped,Potchefstroom,Potchefstroom,North West,ZA,South Africa,-26.7167,27.1000,Africa/Johannesburg,ZA LK JM TT BB GY LC VC AG GD KN DM NZ BD GB PK,open-meteo-geocoding,
"Severn Cricket Field, Woodley Park",severn cricket field woodley park,mapped,Los Angeles,Los Angeles,California,US,United States,34.0522,-118.2437,America/Los_Angeles,OM US DK BM IT JE,open-meteo-geocoding,
Shaheed Chandu Stadium,shaheed chandu stadium,mapped,Bogra,Bogra,Rajshahi Division,BD,Bangladesh,24.8510,89.3711,Asia/Dhaka,BD ZW LK,open-meteo-geocoding,
Shaheed Veer Narayan Singh International Stadium,shaheed veer narayan singh international stadium,mapped,Raipur,Raipur,Chhattisgarh,IN,India,21.2333,81.6333,Asia/Kolkata,IN,open-meteo-geocoding,
"Shaheed Veer Narayan Singh International Stadium, Raipur",shaheed veer narayan singh international stadium raipur,mapped,Raipur,Raipur,Chhattisgarh,IN,India,21.2333,81.6333,Asia/Kolkata,IN NZ AU ZA,open-meteo-geocoding,
"Shahid Kamruzzaman Stadium, Rajshahi",shahid kamruzzaman stadium rajshahi,mapped,Rajshahi,Rajshahi,Rajshahi Division,BD,Bangladesh,24.3740,88.6011,Asia/Dhaka,LK BD,open-meteo-geocoding,
Sharad Pawar Cricket Academy BKC,sharad pawar cricket academy bkc,mapped,Mumbai,Mumbai,Maharashtra,IN,India,19.0728,72.8826,Asia/Kolkata,IN,open-meteo-geocoding,"hand-curated: the ground's city, country pinned"
Sharjah Cricket Association Stadium,sharjah cricket association stadium,mapped,Sharjah,Sharjah city,Emirate of Sharjah,AE,United Arab Emirates,25.3342,55.4122,Asia/Dubai,PK ZW LK KE,open-meteo-geocoding,country not among the archive's votes
Sharjah Cricket Stadium,sharjah cricket stadium,mapped,Sharjah,Sharjah city,Emirate of Sharjah,AE,United Arab Emirates,25.3342,55.4122,Asia/Dubai,AE PK IN GB LK NZ JM TT BB GY LC VC AG GD KN DM ZA AU BD NA NP OM US IE PG MY NL KW MV SA SG HK BM DK CA KE,open-meteo-geocoding,
Sheikh Abu Naser Stadium,sheikh abu naser stadium,mapped,Khulna,Khulna,Khulna Division,BD,Bangladesh,22.8098,89.5644,Asia/Dhaka,BD ZW JM TT BB GY LC VC AG GD KN DM PK,open-meteo-geocoding,
"Sheikh Abu Naser Stadium, Khulna",sheikh abu naser stadium khulna,mapped,Khulna,Khulna,Khulna Division,BD,Bangladesh,22.8098,89.5644,Asia/Dhaka,BD,open-meteo-geocoding,
Sheikh Kamal International Cricket Stadium,sheikh kamal international cricket stadium,mapped,Cox's Bazar,Cox's Bazar Airport,Chittagong,BD,Bangladesh,21.4522,91.9639,Asia/Dhaka,BD ZW ZA,open-meteo-geocoding,
Sheikh Zayed Stadium,sheikh zayed stadium,mapped,Abu Dhabi,Abu Dhabi,Abu Dhabi Emirate,AE,United Arab Emirates,24.4512,54.3970,Asia/Dubai,PK IN AE GB HK IE LK NZ OM AU PG ZA CA NL NP JM TT BB GY LC VC AG GD KN DM NA JE NG IT BD UG US,open-meteo-geocoding,
Sheikh Zayed Stadium Nursery 1,sheikh zayed stadium nursery 1,mapped,Abu Dhabi,Abu Dhabi,Abu Dhabi Emirate,AE,United Arab Emirates,24.4512,54.3970,Asia/Dubai,UG AE NA CA IT US PG GB OM NP,open-meteo-geocoding,
Sheikh Zayed Stadium Nursery 2,sheikh zayed stadium nursery 2,mapped,Abu Dhabi,Abu Dhabi,Abu Dhabi Emirate,AE,United Arab Emirates,24.4512,54.3970,Asia/Dubai,IT NA KE PG HK AE GB,open-meteo-geocoding,
"Sheikh Zayed Stadium, Abu Dhabi",sheikh zayed stadium abu dhabi,mapped,Abu Dhabi,Abu Dhabi,Abu Dhabi Emirate,AE,United Arab Emirates,24.4512,54.3970,Asia/Dubai,AE PK BD TH GB IE ZW US,open-meteo-geocoding,
Sheikhupura Stadium,sheikhupura stadium,mapped,Sheikhupura,Shaikhpura,Punjab,PK,Pakistan,32.2787,74.5070,Asia/Karachi,ZW PK,open-meteo-geocoding,"hand-curated: the ground's city, country pinned"
Sher-e-Bangla National Cricket Stadium,sher e bangla national cricket stadium,mapped,Dhaka,Dhaka,Dhaka Division,BD,Bangladesh,23.7104,90.4074,Asia/Dhaka,BD LK,open-meteo-geocoding,"hand-curated: the ground's city, country pinned; Mirpur, Dhaka"
Shere Bangla National Stadium,shere bangla national stadium,mapped,Mirpur,Mīrpur,Punjab,IN,India,30.6119,76.8533,Asia/Kolkata,BD ZW IN PK LK JM TT BB GY LC VC AG GD KN DM ZA NZ GB AU AE IE OM,open-meteo-geocoding,
"Shere Bangla National Stadium, Mirpur",shere bangla national stadium mirpur,mapped,Dhaka,Dhaka,Dhaka Division,BD,Bangladesh,23.7104,90.4074,Asia/Dhaka,BD ZW AU PK NZ LK IN GB JM TT BB GY LC VC AG GD KN DM IE ZA,open-meteo-geocoding,
"Shrimant Madhavrao Scindia Cricket Stadium, Gwalior",shrimant madhavrao scindia cricket stadium gwalior,mapped,Gwalior,Gwalior,Madhya Pradesh,IN,India,26.2298,78.1734,Asia/Kolkata,BD IN,open-meteo-geocoding,
"Sikh Union Club Ground, Nairobi",sikh union club ground nairobi,mapped,Nairobi,Nairobi,Nairobi County,KE,Kenya,-1.2833,36.8167,Africa/Nairobi,KE RW NG MW SC,open-meteo-geocoding,
"Simar Cricket Ground, Rome",simar cricket ground rome,mapped,Rome,Rome,Lazio,IT,Italy,41.8919,12.5113,Europe/Rome,AT IM IT SE HU RO FR ES PT TR IL JE LU DE,open-meteo-geocoding,
"Simonds Stadium, South Geelong",simonds stadium south geelong,mapped,Geelong,Geelong,Victoria,AU,Australia,-38.1471,144.3607,Australia/Melbourne,AU LK NZ,open-meteo-geocoding,"hand-curated: the ground's city, country pinned"
"Simonds Stadium, South Geelong, Victoria",simonds stadium south geelong victoria,mapped,Geelong,Geelong,Victoria,AU,Australia,-38.1471,144.3607,Australia/Melbourne,AU,open-meteo-geocoding,
Singapore Cricket Club,singapore cricket club,mapped,Singapore,Singapore,,SG,Singapore,1.2897,103.8501,Asia/Singapore,IT OM BT KW JE SG MY DK,open-meteo-geocoding,"hand-curated: the ground's city, country pinned"
Singapore National Cricket Ground,singapore national cricket ground,mapped,Singapore,Singapore,,SG,Singapore,1.2897,103.8501,Asia/Singapore,SG HK MY MM KW BH ID WS OM NP UZ PH KH TH CN,open-meteo-geocoding,
Sinhalese Sports Club,sinhalese sports club,mapped,Colombo,Colombo,Western Province,LK,Sri Lanka,6.9355,79.8487,Asia/Colombo,LK ZA PK BD,open-meteo-geocoding,
Sinhalese Sports Club Ground,sinhalese sports club ground,mapped,Colombo,Colombo,Western Province,LK,Sri Lanka,6.9355,79.8487,Asia/Colombo,LK ZA IN PK JM TT BB GY LC VC AG GD KN DM AU GB BD NZ,open-meteo-geocoding,
"Sinhalese Sports Club Ground, Colombo",sinhalese sports club ground colombo,mapped,Colombo,Colombo,Western Province,LK,Sri Lanka,6.9355,79.8487,Asia/Colombo,LK BD PK OM GB NL ZW US IE NA IN,open-meteo-geocoding,
"Sinovich Park, Sinoville",sinovich park sinoville,mapped,Pretoria,Pretoria,Gauteng,ZA,South Africa,-25.7449,28.1878,Africa/Johannesburg,CA NL PK ZA,open-meteo-geocoding,
Sir Paul Getty's Ground,sir paul getty s ground,mapped,Wormsley,Wormsley,England,GB,United Kingdom,52.1260,-2.8329,Europe/London,GB IN AU,open-meteo-geocoding,
"Sir Paul Getty's Ground, Wormsley",sir paul getty s ground wormsley,mapped,Wormsley,Wormsley,England,GB,United Kingdom,52.1260,-2.8329,Europe/London,GB,open-meteo-geocoding,
Sir Vivian Richards Stadium,sir vivian richards stadium,mapped,North Sound,North Sound,Saint George Parish,AG,Antigua and Barbuda,17.0956,-61.7837,America/Antigua,JM TT BB GY LC VC AG GD KN DM LK BD,open-meteo-geocoding,
"Sir Vivian Richards Stadium, Antigua",sir vivian richards stadium antigua,mapped,North Sound,North Sound,Saint George Parish,AG,Antigua and Barbuda,17.0956,-61.7837,America/Antigua,JM TT BB GY LC VC AG GD KN DM IN GB AU,open-meteo-geocoding,
"Sir Vivian Richards Stadium, North Sound",sir vivian richards stadium north sound,mapped,Antigua,Antigua,,AG,Antigua and Barbuda,17.0761,-61.7954,America/Antigua,JM TT BB GY LC VC AG GD KN DM GB IN AU US ZA ZW NZ BD LK,open-meteo-geocoding,
"Sir Vivian Richards Stadium, North Sound, Antigua",sir vivian richards stadium north sound antigua,mapped,North Sound,North Sound,Saint George Parish,AG,Antigua and Barbuda,17.0956,-61.7837,America/Antigua,JM TT BB GY LC VC AG GD KN DM US GB NZ ZA PK AR BD BM BZ OM NA AU LK BS CA IN,open-meteo-geocoding,
Skarpnack 1,skarpnack 1,mapped,Stockholm,Stockholm,Stockholm County,SE,Sweden,59.3294,18.0687,Europe/Stockholm,GI IL IM,open-meteo-geocoding,country not among the archive's votes
Skarpnack 2,skarpnack 2,mapped,Stockholm,Stockholm,Stockholm County,SE,Sweden,59.3294,18.0687,Europe/Stockholm,DE IM IL ES,open-meteo-geocoding,country not among the archive's votes
Sky Stadium,sky stadium,mapped,Wellington,Wellington,Wellington Region,NZ,New Zealand,-41.2866,174.7756,Pacific/Auckland,NZ AU GB,open-meteo-geocoding,
"Sky Stadium, Wellington",sky stadium wellington,mapped,Wellington,Wellington,Wellington Region,NZ,New Zealand,-41.2866,174.7756,Pacific/Auckland,NZ AU ZA PK GB,open-meteo-geocoding,
"Solvangs Park, Glostrup",solvangs park glostrup,mapped,Copenhagen,Copenhagen,Capital Region,DK,Denmark,55.6759,12.5655,Europe/Copenhagen,FI NO SE,open-meteo-geocoding,country not among the archive's votes
Somerset Cricket Club,somerset cricket club,mapped,Bermuda,Bermuda,Alabama,US,United States,31.4874,-87.1883,America/Chicago,IT OM NP US BM UG,open-meteo-geocoding,
Sophia Gardens,sophia gardens,mapped,Cardiff,Cardiff,Wales,GB,United Kingdom,51.4800,-3.1800,Europe/London,GB AU PK LK NZ ZA IN BD JM TT BB GY LC VC AG GD KN DM,open-meteo-geocoding,
"Sophia Gardens, Cardiff",sophia gardens cardiff,mapped,Cardiff,Cardiff,Wales,GB,United Kingdom,51.4800,-3.1800,Europe/London,GB LK ZA NZ PK AU JM TT BB GY LC VC AG GD KN DM IN,open-meteo-geocoding,
Southend Club Cricket Stadium,southend club cricket stadium,mapped,Karachi,Karachi,Sindh,PK,Pakistan,24.8608,67.0104,Asia/Karachi,PK JM TT BB GY LC VC AG GD KN DM BD,open-meteo-geocoding,
"Southend Club Cricket Stadium, Karachi",southend club cricket stadium karachi,mapped,Karachi,Karachi,Sindh,PK,Pakistan,24.8608,67.0104,Asia/Karachi,LK PK,open-meteo-geocoding,
Sportpark Duivesteijn,sportpark duivesteijn,mapped,Voorburg,Voorburg,South Holland,NL,The Netherlands,52.0742,4.3597,Europe/Amsterdam,FR DE NO BE,open-meteo-geocoding,country not among the archive's votes
"Sportpark Harga, Schiedam",sportpark harga schiedam,mapped,Schiedam,Schiedam,South Holland,NL,The Netherlands,51.9192,4.3889,Europe/Amsterdam,NL IT NA,open-meteo-geocoding,
Sportpark Het Schootsveld,sportpark het schootsveld,mapped,Deventer,Deventer,Overijssel,NL,The Netherlands,52.2550,6.1639,Europe/Amsterdam,GB IE NL ZW TH PT DK AT DE CY,open-meteo-geocoding,
Sportpark Het Schootsveld 2,sportpark het schootsveld 2,mapped,Deventer,Deventer,Overijssel,NL,The Netherlands,52.2550,6.1639,Europe/Amsterdam,DK FR,open-meteo-geocoding,country not among the archive's votes
"Sportpark Het Schootsveld, Deventer",sportpark het schootsveld deventer,mapped,Deventer,Deventer,Overijssel,NL,The Netherlands,52.2550,6.1639,Europe/Amsterdam,DE GG AT,open-meteo-geocoding,country not among the archive's votes
Sportpark Maarschalkerweerd,sportpark maarschalkerweerd,mapped,Utrecht,Utrecht,Utrecht,NL,The Netherlands,52.0908,5.1222,Europe/Amsterdam,GB DE TH NL AE BD IE FR UG PG CY DK PT IT,open-meteo-geocoding,
"Sportpark Maarschalkerweerd, Utrecht",sportpark maarschalkerweerd utrecht,mapped,Utrecht,Utrecht,Utrecht,NL,The Netherlands,52.0908,5.1222,Europe/Amsterdam,NL GB US TH HK NP NA IE JE CA PG AE,open-meteo-geocoding,
Sportpark Thurlede,sportpark thurlede,mapped,Schiedam,Schiedam,South Holland,NL,The Netherlands,51.9192,4.3889,Europe/Amsterdam,SE NO IL BE IT JE FI GG,open-meteo-geocoding,country not among the archive's votes
Sportpark Westvliet,sportpark westvliet,mapped,The Hague,The Hague,South Holland,NL,The Netherlands,52.0767,4.2986,Europe/Amsterdam,IT NL BD ES FI GG NO JE AE,open-meteo-geocoding,
"Sportpark Westvliet, The Hague",sportpark westvliet the hague,mapped,The Hague,The Hague,South Holland,NL,The Netherlands,52.0767,4.2986,Europe/Amsterdam,NL GB IE US CA NZ,open-meteo-geocoding,
"Sportpark Westvliet, Voorburg",sportpark westvliet voorburg,mapped,The Hague,The Hague,South Holland,NL,The Netherlands,52.0767,4.2986,Europe/Amsterdam,NL NA JE GG IT GB,open-meteo-geocoding,
"Spytty Park, Newport",spytty park newport,mapped,Newport,Newport,Wales,GB,United Kingdom,51.5877,-2.9983,Europe/London,GB,open-meteo-geocoding,
Sri Lanka Army Ordnance Corps International Cricket Stadium,sri lanka army ordnance corps international cricket stadium,mapped,Kalutara,Kalutara,Western Province,LK,Sri Lanka,6.5831,79.9593,Asia/Colombo,LK,open-meteo-geocoding,"hand-curated: the ground's city, country pinned; Dombagoda, Kalutara district"
Sri Ramachandra Medical College,sri ramachandra medical college,mapped,Chennai,Chennai,Tamil Nadu,IN,India,13.0878,80.2785,Asia/Kolkata,IN,open-meteo-geocoding,"hand-curated: the ground's city, country pinned"
St  Pauls college ground  Kalamassery,st pauls college ground kalamassery,mapped,Kochi,Kochi,Kerala,IN,India,9.9399,76.2602,Asia/Kolkata,IN,open-meteo-geocoding,"hand-curated: the ground's city, country pinned"
"St Albans Club, Buenos Aires",st albans club buenos aires,mapped,Buenos Aires,Buenos Aires,Buenos Aires F.D.,AR,Argentina,-34.6131,-58.3772,America/Argentina/Buenos_Aires,AR BR US CA BM KY PA BS BZ,open-meteo-geocoding,
"St George's College Ground, Buenos Aires",st george s college ground buenos aires,mapped,Buenos Aires,Buenos Aires,Buenos Aires F.D.,AR,Argentina,-34.6131,-58.3772,America/Argentina/Buenos_Aires,AR CA BR MX BS BZ KY BM PA,open-meteo-geocoding,
St George's Park,st george s park,mapped,Port Elizabeth,Port Elizabeth,Eastern Cape,ZA,South Africa,-33.9611,25.6149,Africa/Johannesburg,ZA IN AU JM TT BB GY LC VC AG GD KN DM PK LK GB NZ ZW,open-meteo-geocoding,
"St George's Park, Gqeberha",st george s park gqeberha,mapped,Gqeberha,Port Elizabeth,Eastern Cape,ZA,South Africa,-33.9611,25.6149,Africa/Johannesburg,ZA IN AU GB LK IE BD,open-meteo-geocoding,
"St George's Park, Port Elizabeth",st george s park port elizabeth,mapped,Port Elizabeth,Port Elizabeth,Eastern Cape,ZA,South Africa,-33.9611,25.6149,Africa/Johannesburg,ZA AU ZW NZ GB BD JM TT BB GY LC VC AG GD KN DM NA LK,open-meteo-geocoding,
St Georges Quilmes,st georges quilmes,mapped,Quilmes,Quilmes,Buenos Aires,AR,Argentina,-34.7206,-58.2545,America/Argentina/Buenos_Aires,CL MX AR,open-meteo-geocoding,"hand-curated: the ground's city, country pinned"
"St Helen's, Swansea",st helen s swansea,mapped,Swansea,Swansea,Wales,GB,United Kingdom,51.6208,-3.9432,Europe/London,GB,open-meteo-geocoding,
St Lawrence Ground,st lawrence ground,mapped,Canterbury,Canterbury,England,GB,United Kingdom,51.2790,1.0799,Europe/London,GB AU ZA BD IN,open-meteo-geocoding,
"St Lawrence Ground, Canterbury",st lawrence ground canterbury,mapped,Canterbury,Canterbury,England,GB,United Kingdom,51.2790,1.0799,Europe/London,GB NZ IN JM TT BB GY LC VC AG GD KN DM ZA ZW,open-meteo-geocoding,
St'Xavier's KCA Cricket Ground,st xavier s kca cricket ground,mapped,Thiruvananthapuram,Thiruvananthapuram,Kerala,IN,India,8.4855,76.9492,Asia/Kolkata,IN,open-meteo-geocoding,"hand-curated: the ground's city, country pinned"
Stadium Australia,stadium australia,mapped,Sydney,Sydney,New South Wales,AU,Australia,-33.8678,151.2073,Australia/Sydney,AU GB IN LK ZA,open-meteo-geocoding,
"Stanley Park, Blackpool",stanley park blackpool,mapped,Blackpool,Blackpool,England,GB,United Kingdom,53.8167,-3.0500,Europe/London,GB,open-meteo-geocoding,
Star Stile,star stile,mapped,Halstead,Halstead,England,GB,United Kingdom,51.9451,0.6393,Europe/London,GG,open-meteo-geocoding,country not among the archive's votes
"Stars Arena Hofstade, Zemst",stars arena hofstade zemst,mapped,Zemst,Zemst,Flanders,BE,Belgium,50.9832,4.4608,Europe/Brussels,BE PT MT,open-meteo-geocoding,
Stellenbosch University 1,stellenbosch university 1,mapped,Stellenbosch,Stellenbosch,Western Cape,ZA,South Africa,-33.9346,18.8668,Africa/Johannesburg,ZA NL IE GB,open-meteo-geocoding,"hand-curated: the ground's city, country pinned"
Stellenbosch University 2,stellenbosch university 2,mapped,Stellenbosch,Stellenbosch,Western Cape,ZA,South Africa,-33.9346,18.8668,Africa/Johannesburg,PK NL,open-meteo-geocoding,"hand-curated: the ground's city, country pinned"
Strathfieldsaye,strathfieldsaye,mapped,Bendigo,Bendigo,Victoria,AU,Australia,-36.7582,144.2802,Australia/Melbourne,JP VU,open-meteo-geocoding,country not among the archive's votes
"Stubberudmyra Cricket Ground, Oslo",stubberudmyra cricket ground oslo,mapped,Oslo,Oslo,Oslo,NO,Norway,59.9127,10.7461,Europe/Oslo,SE NO HU,open-meteo-geocoding,
Subrata Roy Sahara Stadium,subrata roy sahara stadium,mapped,Pune,Pune,Maharashtra,IN,India,18.5196,73.8554,Asia/Kolkata,IN GB,open-meteo-geocoding,
Sulabiya Ground,sulabiya ground,mapped,Kuwait City,Kuwait City,Al Asimah,KW,Kuwait,29.3670,47.9743,Asia/Kuwait,MV BH SA QA KW AE,open-meteo-geocoding,
"Sunrise Sports Club, Harare",sunrise sports club harare,mapped,Harare,Harare,Harare,ZW,Zimbabwe,-17.8277,31.0534,Africa/Harare,IE GB NL BD US PK ZW,open-meteo-geocoding,
SuperSport Park,supersport park,mapped,Centurion,Centurion,Gauteng,ZA,South Africa,-25.8589,28.1858,Africa/Johannesburg,ZA IN AU PK GB LK NZ JM TT BB GY LC VC AG GD KN DM ZW BD,open-meteo-geocoding,
"SuperSport Park, Centurion",supersport park centurion,mapped,Centurion,Centurion,Gauteng,ZA,South Africa,-25.8589,28.1858,Africa/Johannesburg,ZA PK IN JM TT BB GY LC VC AG GD KN DM AU BD NL GB CA LK NZ,open-meteo-geocoding,
"Surrey Village, Maggona",surrey village maggona,mapped,Maggona,Maggona,Western Province,LK,Sri Lanka,6.5041,79.9811,Asia/Colombo,LK,open-meteo-geocoding,
"Svanholm Park, Brondby",svanholm park brondby,mapped,Brøndby,Brøndby,Capital Region,DK,Denmark,55.6455,12.4101,Europe/Copenhagen,DK FI DE SE HU NO JE EE RO BE TR GI RS,open-meteo-geocoding,"hand-curated: the ground's city, country pinned"
Sydney Cricket Ground,sydney cricket ground,mapped,Sydney,Sydney,New South Wales,AU,Australia,-33.8678,151.2073,Australia/Sydney,AU IN GB LK NZ ZA PK JM TT BB GY LC VC AG GD KN DM ZW BD NL,open-meteo-geocoding,
Sydney Parade,sydney parade,mapped,Dublin,Dublin,Leinster,IE,Ireland,53.3331,-6.2489,Europe/Dublin,IE GB JM TT BB GY LC VC AG GD KN DM,open-meteo-geocoding,
Sydney Showground Stadium,sydney showground stadium,mapped,Sydney,Sydney,New South Wales,AU,Australia,-33.8678,151.2073,Australia/Sydney,AU PK IN ZA GB JM TT BB GY LC VC AG GD KN DM TH,open-meteo-geocoding,
Sylhet International Cricket Stadium,sylhet international cricket stadium,mapped,Sylhet,Sylhet,Sylhet Division,BD,Bangladesh,24.8990,91.8720,Asia/Dhaka,BD LK ZW IN PK TH IE GB MY NL JM TT BB GY LC VC AG GD KN DM AE NZ,open-meteo-geocoding,
"Sylhet International Cricket Stadium, Academy Ground",sylhet international cricket stadium academy ground,mapped,Sylhet,Sylhet,Sylhet Division,BD,Bangladesh,24.8990,91.8720,Asia/Dhaka,IN LK MY AE TH BD PK,open-meteo-geocoding,
Sylhet Stadium,sylhet stadium,mapped,Sylhet,Sylhet,Sylhet Division,BD,Bangladesh,24.8990,91.8720,Asia/Dhaka,GB IE BD LK NZ IN PK JM TT BB GY LC VC AG GD KN DM ZW NL AE AU ZA,open-meteo-geocoding,
T I Murugappa Ground,t i murugappa ground,mapped,Chennai,Chennai,Tamil Nadu,IN,India,13.0878,80.2785,Asia/Kolkata,IN,open-meteo-geocoding,"hand-curated: the ground's city, country pinned"
"TCA Oval, Blantyre",tca oval blantyre,mapped,Blantyre,Blantyre,Southern Region,MW,Malawi,-15.7850,35.0085,Africa/Blantyre,MW RW BH DE TZ ZM,open-meteo-geocoding,
Tack-Tec Ground,tack tec ground,mapped,Kuwait City,Kuwait City,Al Asimah,KW,Kuwait,29.3670,47.9743,Asia/Kuwait,AE KW QA SA MV BH,open-meteo-geocoding,
Tafawa Balewa Square (TBS) Cricket Oval,tafawa balewa square tbs cricket oval,mapped,Lagos,Lagos,Lagos,NG,Nigeria,6.4541,3.3947,Africa/Lagos,RW GH,open-meteo-geocoding,"hand-curated: the ground's city, country pinned"
Tafawa Balewa Square Cricket Oval,tafawa balewa square cricket oval,mapped,Lagos,Lagos,Lagos,NG,Nigeria,6.4541,3.3947,Africa/Lagos,SL NG GH GM,open-meteo-geocoding,
"Tafawa Balewa Square Cricket Oval, Lagos",tafawa balewa square cricket oval lagos,mapped,Lagos,Lagos,Lagos,NG,Nigeria,6.4541,3.3947,Africa/Lagos,NG RW GH SL BW SZ,open-meteo-geocoding,
Takashinga Sports Club,takashinga sports club,mapped,Harare,Harare,Harare,ZW,Zimbabwe,-17.8277,31.0534,Africa/Harare,TZ ZW NA SL RW,open-meteo-geocoding,
"Takashinga Sports Club, Highfield, Harare",takashinga sports club highfield harare,mapped,Harare,Harare,Harare,ZW,Zimbabwe,-17.8277,31.0534,Africa/Harare,ZW US TH NP MW NG BW UG NL JM TT BB GY LC VC AG GD KN DM IE GB AE TZ KE PK,open-meteo-geocoding,
"Taunton Vale Sports Club Ground, Taunton",taunton vale sports club ground taunton,mapped,Taunton,Taunton,England,GB,United Kingdom,51.0149,-3.1029,Europe/London,GB,open-meteo-geocoding,
Ted Summerton Reserve,ted summerton reserve,mapped,Moe,Yallourn,Victoria,AU,Australia,-38.1783,146.2610,Australia/Melbourne,AU,open-meteo-geocoding,
"Ted Summerton Reserve, Moe",ted summerton reserve moe,mapped,Moe,Yallourn,Victoria,AU,Australia,-38.1783,146.2610,Australia/Melbourne,AU,open-meteo-geocoding,
Terdthai Cricket Ground,terdthai cricket ground,mapped,Bangkok,Bangkok,Bangkok,TH,Thailand,13.7540,100.5014,Asia/Bangkok,TH MY AE CN NP HK GB SG ZW IE NL BD,open-meteo-geocoding,
"Terdthai Cricket Ground, Bangkok",terdthai cricket ground bangkok,mapped,Bangkok,Bangkok,Bangkok,TH,Thailand,13.7540,100.5014,Asia/Bangkok,TH BT ZW ID SG MY JP AE MV SA BH PG KW GB PH MM KH NA NL HK NP UG TZ QA CN,open-meteo-geocoding,
Thailand Cricket Ground,thailand cricket ground,mapped,Bangkok,Bangkok,Bangkok,TH,Thailand,13.7540,100.5014,Asia/Bangkok,TH BD,open-meteo-geocoding,
The Cooper Associates County Ground,the cooper associates county ground,mapped,Taunton,Taunton,England,GB,United Kingdom,51.0149,-3.1029,Europe/London,GB ZA NZ AU PK BD JM TT BB GY LC VC AG GD KN DM,open-meteo-geocoding,
"The Cooper Associates County Ground, Taunton",the cooper associates county ground taunton,mapped,Taunton,Taunton,England,GB,United Kingdom,51.0149,-3.1029,Europe/London,GB IN NZ ZA AU PK JM TT BB GY LC VC AG GD KN DM,open-meteo-geocoding,
"The Cricket Field, Sedbergh School",the cricket field sedbergh school,mapped,Sedbergh,Sedbergh,England,GB,United Kingdom,54.3212,-2.5251,Europe/London,GB,open-meteo-geocoding,
"The Gnoll, Neath",the gnoll neath,mapped,Neath,Neath,Wales,GB,United Kingdom,51.6632,-3.8044,Europe/London,GB,open-meteo-geocoding,
"The Green, Comber",the green comber,mapped,Comber,Comber,Northern Ireland,GB,United Kingdom,54.5494,-5.7438,Europe/London,IE GB,open-meteo-geocoding,
The Hills Cricket Club Ground,the hills cricket club ground,mapped,Dublin,Dublin,Leinster,IE,Ireland,53.3331,-6.2489,Europe/Dublin,IE GB ZA,open-meteo-geocoding,
"The Hills, Milverton",the hills milverton,mapped,Milverton,Milverton,England,GB,United Kingdom,51.0233,-3.2522,Europe/London,IE GB,open-meteo-geocoding,
"The John Fretwell Sporting Complex, Nettleworth",the john fretwell sporting complex nettleworth,mapped,Mansfield,Mansfield,England,GB,United Kingdom,53.1333,-1.2000,Europe/London,GB,open-meteo-geocoding,"hand-curated: the ground's city, country pinned"
"The John Fretwell Sporting Complex, Sookholme",the john fretwell sporting complex sookholme,mapped,Sookholme,Sookholme,England,GB,United Kingdom,53.1833,-1.1833,Europe/London,,open-meteo-geocoding,no country vote; most populous place of that name
The Kent County Cricket Ground,the kent county cricket ground,mapped,Beckenham,Beckenham,England,GB,United Kingdom,51.4088,-0.0253,Europe/London,GB,open-meteo-geocoding,
"The Lawn, Waringstown",the lawn waringstown,mapped,Waringstown,Waringstown,Northern Ireland,GB,United Kingdom,54.4343,-6.2993,Europe/London,IE GB,open-meteo-geocoding,
"The Maer Ground, Exmouth",the maer ground exmouth,mapped,Exmouth,Exmouth,England,GB,United Kingdom,50.6172,-3.4023,Europe/London,GB,open-meteo-geocoding,
The Padang,the padang,mapped,Singapore,Singapore,,SG,Singapore,1.2897,103.8501,Asia/Singapore,BT SG SA MV,open-meteo-geocoding,
The Rose Bowl,the rose bowl,mapped,Southampton,Southampton,England,GB,United Kingdom,50.9040,-1.4043,Europe/London,GB AU PK JM TT BB GY LC VC AG GD KN DM IN ZA LK IE NZ KE US BD,open-meteo-geocoding,
The Rose Bowl (Nursery),the rose bowl nursery,mapped,Southampton,Southampton,England,GB,United Kingdom,50.9040,-1.4043,Europe/London,KE AE,open-meteo-geocoding,country not among the archive's votes
"The Rose Bowl, Southampton",the rose bowl southampton,mapped,Southampton,Southampton,England,GB,United Kingdom,50.9040,-1.4043,Europe/London,GB NZ IN ZA AU LK JM TT BB GY LC VC AG GD KN DM IE NL BD PK ZW,open-meteo-geocoding,
"The Royal & Sun Alliance County Ground, Bristol",the royal sun alliance county ground bristol,mapped,Bristol,Bristol,England,GB,United Kingdom,51.4552,-2.5966,Europe/London,GB ZW,open-meteo-geocoding,
"The Saffrons, Eastbourne",the saffrons eastbourne,mapped,Eastbourne,Eastbourne,England,GB,United Kingdom,50.7687,0.2845,Europe/London,GB,open-meteo-geocoding,
"The Village, Malahide",the village malahide,mapped,Dublin,Dublin,Leinster,IE,Ireland,53.3331,-6.2489,Europe/Dublin,GB IE NL JM TT BB GY LC VC AG GD KN DM PG NA PK IN BD NP HK JE JP ZW US OM LK,open-meteo-geocoding,
"The Village, Malahide, Dublin",the village malahide dublin,mapped,Dublin,Dublin,Leinster,IE,Ireland,53.3331,-6.2489,Europe/Dublin,GB IE ZA NL NZ IN BD,open-meteo-geocoding,
The Vineyard,the vineyard,mapped,Dublin,Dublin,Leinster,IE,Ireland,53.3331,-6.2489,Europe/Dublin,NZ IE GB TH ZW CA JP,open-meteo-geocoding,
"The Vineyard, Dublin",the vineyard dublin,mapped,Dublin,Dublin,Leinster,IE,Ireland,53.3331,-6.2489,Europe/Dublin,IE GB,open-meteo-geocoding,
The Wanderers Stadium,the wanderers stadium,mapped,Johannesburg,Johannesburg,Gauteng,ZA,South Africa,-26.2023,28.0436,Africa/Johannesburg,ZA IN PK AU LK GB NZ ZW,open-meteo-geocoding,
"The Wanderers Stadium, Johannesburg",the wanderers stadium johannesburg,mapped,Johannesburg,Johannesburg,Gauteng,ZA,South Africa,-26.2023,28.0436,Africa/Johannesburg,ZA JM TT BB GY LC VC AG GD KN DM IN PK BD NL AU IE GB,open-meteo-geocoding,
"Three Ws Oval, Cave Hill, Barbados",three ws oval cave hill barbados,mapped,Cave Hill,Cave Hill Pen,Saint Ann Parish,JM,Jamaica,18.4620,-77.3739,America/Jamaica,ZA JM TT BB GY LC VC AG GD KN DM,open-meteo-geocoding,
"Thurstan College Ground, Colombo",thurstan college ground colombo,mapped,Colombo,Colombo,Western Province,LK,Sri Lanka,6.9355,79.8487,Asia/Colombo,LK,open-meteo-geocoding,
Tikkurila Cricket Ground,tikkurila cricket ground,mapped,Vantaa,Vantaa,Uusimaa,FI,Finland,60.2941,25.0410,Europe/Helsinki,BG SE LU CZ FI IM RO RS HR GR IL ES CY AT GG SI PT IT TR FR NO EE DK DE,open-meteo-geocoding,
Titwood,titwood,mapped,Glasgow,Glasgow,Scotland,GB,United Kingdom,55.8651,-4.2576,Europe/London,GB IN,open-meteo-geocoding,
"Titwood, Glasgow",titwood glasgow,mapped,Glasgow,Glasgow,Scotland,GB,United Kingdom,55.8651,-4.2576,Europe/London,GB NP NL NA,open-meteo-geocoding,
Tolerance Oval,tolerance oval,mapped,Abu Dhabi,Abu Dhabi,Abu Dhabi Emirate,AE,United Arab Emirates,24.4512,54.3970,Asia/Dubai,AE JE NG CA IE GB OM HK AU,open-meteo-geocoding,
"Tolerance Oval, Abu Dhabi",tolerance oval abu dhabi,mapped,Abu Dhabi,Abu Dhabi,Abu Dhabi Emirate,AE,United Arab Emirates,24.4512,54.3970,Asia/Dubai,GB US AE PG ZW IE TH LK UG NL VU,open-meteo-geocoding,
Tony Ireland Stadium,tony ireland stadium,mapped,Townsville,Townsville,Queensland,AU,Australia,-19.2664,146.8057,Australia/Brisbane,PG IE GB,open-meteo-geocoding,country not among the archive's votes
"Tony Ireland Stadium, Townsville",tony ireland stadium townsville,mapped,Townsville,Townsville,Queensland,AU,Australia,-19.2664,146.8057,Australia/Brisbane,ZW AU,open-meteo-geocoding,
"Toronto Cricket, Skating and Curling Club",toronto cricket skating and curling club,mapped,Toronto,Toronto,Ontario,CA,Canada,43.7064,-79.3986,America/Toronto,CA IE GB,open-meteo-geocoding,
Traeger Park,traeger park,mapped,Alice Springs,Alice Springs,Northern Territory,AU,Australia,-23.6975,133.8836,Australia/Darwin,AU,open-meteo-geocoding,
"Traeger Park, Alice Springs",traeger park alice springs,mapped,Alice Springs,Alice Springs,Northern Territory,AU,Australia,-23.6975,133.8836,Australia/Darwin,AU,open-meteo-geocoding,
"Trafalgar Road Ground, Southport",trafalgar road ground southport,mapped,Southport,Southport,England,GB,United Kingdom,53.6458,-3.0101,Europe/London,GB,open-meteo-geocoding,
Trent Bridge,trent bridge,mapped,Nottingham,Nottingham,England,GB,United Kingdom,52.9536,-1.1505,Europe/London,GB IN JM TT BB GY LC VC AG GD KN DM AU PK ZA LK NZ BD IE,open-meteo-geocoding,
"Trent Bridge, Nottingham",trent bridge nottingham,mapped,Nottingham,Nottingham,England,GB,United Kingdom,52.9536,-1.1505,Europe/London,GB IN NZ AU ZW PK IE JM TT BB GY LC VC AG GD KN DM ZA LK,open-meteo-geocoding,
Tribhuvan University International Cricket Ground,tribhuvan university international cricket ground,mapped,Kirtipur,Ki̇̄rtipur,Bagmati Province,NP,Nepal,27.6785,85.2757,Asia/Kathmandu,NP OM US MV KE BT NA,open-meteo-geocoding,
"Tribhuvan University International Cricket Ground, Kirtipur",tribhuvan university international cricket ground kirtipur,mapped,Kirtipur,Ki̇̄rtipur,Bagmati Province,NP,Nepal,27.6785,85.2757,Asia/Kathmandu,NP NL GB AE NA PG MY OM TH US UG SG CA BD IE ZW BH,open-meteo-geocoding,
Turf City B Cricket Ground,turf city b cricket ground,mapped,Singapore,Singapore,,SG,Singapore,1.2897,103.8501,Asia/Singapore,SG MM,open-meteo-geocoding,
UKM Cricket Oval,ukm cricket oval,mapped,Bandar Kinrara,Bandar Kinrara,Selangor,MY,Malaysia,3.0493,101.6415,Asia/Kuala_Lumpur,MY DK,open-meteo-geocoding,
UKM-YSD Cricket Oval,ukm ysd cricket oval,mapped,Bangi,Bangi,Selangor,MY,Malaysia,2.9000,101.7833,Asia/Kuala_Lumpur,CN VU JE UG BM TH MY SG BT NP,open-meteo-geocoding,
"UKM-YSD Cricket Oval, Bangi",ukm ysd cricket oval bangi,mapped,Bangi,Bangi,Selangor,MY,Malaysia,2.9000,101.7833,Asia/Kuala_Lumpur,MY QA BT SG TH BH NP HK MV AE OM CA VU DK MM CN KW,open-meteo-geocoding,
Udayana Cricket Ground,udayana cricket ground,mapped,Bali,Bali,Bali,ID,Indonesia,-8.3333,115.0000,Asia/Makassar,ID KH PH MM BH KR SE MN TH BT SG CK,open-meteo-geocoding,
United Cricket Club Ground,united cricket club ground,mapped,Windhoek,Windhoek,Khomas Region,NA,Namibia,-22.5594,17.0832,Africa/Windhoek,NA BW KE CA OM NP HK US PG NL UG AE,open-meteo-geocoding,
"United Cricket Club Ground, Windhoek",united cricket club ground windhoek,mapped,Windhoek,Windhoek,Khomas Region,NA,Namibia,-22.5594,17.0832,Africa/Windhoek,NA UG AE ZW US GB NP HK KE NG JE PG TZ CA RW,open-meteo-geocoding,
University Oval,university oval,mapped,Dunedin,Dunedin,Otago,NZ,New Zealand,-45.8742,170.5036,Pacific/Auckland,NZ GB BD LK ZA PK ZW AU JM TT BB GY LC VC AG GD KN DM,open-meteo-geocoding,
"University Oval, Dunedin",university oval dunedin,mapped,Dunedin,Dunedin,Otago,NZ,New Zealand,-45.8742,170.5036,Pacific/Auckland,NZ ZW BD PK JM TT BB GY LC VC AG GD KN DM GB LK ZA,open-meteo-geocoding,
"University Oval, Hobart",university oval hobart,mapped,Hobart,Hobart,Tasmania,AU,Australia,-42.8794,147.3294,Australia/Hobart,AU,open-meteo-geocoding,
University of Dar-es-Salaam Ground,university of dar es salaam ground,mapped,Dar es Salaam,Dar es Salaam,Dar es Salaam Region,TZ,Tanzania,-6.8235,39.2695,Africa/Dar_es_Salaam,TZ MW GH ML LS CM CA,open-meteo-geocoding,"hand-curated: the ground's city, country pinned"
University of Dar-es-Salaam Ground 1,university of dar es salaam ground 1,mapped,Dar es Salaam,Dar es Salaam,Dar es Salaam Region,TZ,Tanzania,-6.8235,39.2695,Africa/Dar_es_Salaam,TZ IT BH HK UG SG,open-meteo-geocoding,"hand-curated: the ground's city, country pinned"
University of Dar-es-Salaam Ground 2,university of dar es salaam ground 2,mapped,Dar es Salaam,Dar es Salaam,Dar es Salaam Region,TZ,Tanzania,-6.8235,39.2695,Africa/Dar_es_Salaam,UG IT SG BH TZ HK,open-meteo-geocoding,"hand-curated: the ground's city, country pinned"
University of Doha for Science and Technology,university of doha for science and technology,mapped,Doha,Doha,Baladiyat ad Dawhah,QA,Qatar,25.2855,51.5310,Asia/Qatar,QA HK AE BT BH SA KH TH,open-meteo-geocoding,
University of Lagos Cricket Oval,university of lagos cricket oval,mapped,Lagos,Lagos,Lagos,NG,Nigeria,6.4541,3.3947,Africa/Lagos,NG SL BW SZ,open-meteo-geocoding,
University of Otago Oval,university of otago oval,mapped,Dunedin,Dunedin,Otago,NZ,New Zealand,-45.8742,170.5036,Pacific/Auckland,NZ,open-meteo-geocoding,"hand-curated: the ground's city, country pinned"
"University of Tasmania Stadium, Launceston",university of tasmania stadium launceston,mapped,Launceston,Launceston,Tasmania,AU,Australia,-41.4388,147.1347,Australia/Hobart,AU,open-meteo-geocoding,
Uxbridge Cricket Club Ground,uxbridge cricket club ground,mapped,Uxbridge,Uxbridge,England,GB,United Kingdom,51.5489,-0.4821,Europe/London,GB,open-meteo-geocoding,
VCA Ground,vca ground,mapped,Nagpur,Nagpur,Maharashtra,IN,India,21.1463,79.0849,Asia/Kolkata,IN,open-meteo-geocoding,"hand-curated: the ground's city, country pinned"
VRA Cricket Ground,vra cricket ground,mapped,Amstelveen,Amstelveen,North Holland,NL,The Netherlands,52.3008,4.8639,Europe/Amsterdam,IN PK AU,open-meteo-geocoding,country not among the archive's votes
VRA Ground,vra ground,mapped,Amstelveen,Amstelveen,North Holland,NL,The Netherlands,52.3008,4.8639,Europe/Amsterdam,GB NL PG IE UG AE NP BD IM JE IL AT SE TH BE ES CZ NO CA,open-meteo-geocoding,
"VRA Ground, Amstelveen",vra ground amstelveen,mapped,Amstelveen,Amstelveen,North Holland,NL,The Netherlands,52.3008,4.8639,Europe/Amsterdam,NL GB IE PG JM TT BB GY LC VC AG GD KN DM AE TH IM FI,open-meteo-geocoding,
Vanuatu Cricket Ground,vanuatu cricket ground,mapped,Port Vila,Port Vila,Shefa,VU,Vanuatu,-17.7365,168.3137,Pacific/Efate,JP VU PG CK ID WS,open-meteo-geocoding,
Vanuatu Cricket Ground (Oval 2),vanuatu cricket ground oval 2,mapped,Port Vila,Port Vila,Shefa,VU,Vanuatu,-17.7365,168.3137,Pacific/Efate,FJ WS VU ID JP CK PG,open-meteo-geocoding,
"Vassil Levski National Sports Academy, Sofia",vassil levski national sports academy sofia,mapped,Sofia,Sofia,Sofia-Capital,BG,Bulgaria,42.6975,23.3241,Europe/Sofia,BG TR RS GI GR,open-meteo-geocoding,
"Velden Cricket Ground, Latschach",velden cricket ground latschach,mapped,Latschach,Latschach ober dem Faakersee,Carinthia,AT,Austria,46.5561,13.9289,Europe/Vienna,AT BE SI,open-meteo-geocoding,
Vidarbha C.A. Ground,vidarbha c a ground,mapped,Nagpur,Nagpur,Maharashtra,IN,India,21.1463,79.0849,Asia/Kolkata,IN LK GB,open-meteo-geocoding,
Vidarbha Cricket Association Ground,vidarbha cricket association ground,mapped,Nagpur,Nagpur,Maharashtra,IN,India,21.1463,79.0849,Asia/Kolkata,IN AU,open-meteo-geocoding,
"Vidarbha Cricket Association Stadium, Jamtha",vidarbha cricket association stadium jamtha,mapped,Nagpur,Nagpur,Maharashtra,IN,India,21.1463,79.0849,Asia/Kolkata,IN AU GB ZA NZ LK ZW HK BD NL CA JM TT BB GY LC VC AG GD KN DM,open-meteo-geocoding,
"Vidarbha Cricket Association Stadium, Jamtha, Nagpur",vidarbha cricket association stadium jamtha nagpur,mapped,Nagpur,Nagpur,Maharashtra,IN,India,21.1463,79.0849,Asia/Kolkata,IN AU GB NZ,open-meteo-geocoding,
W.A.C.A. Ground,w a c a ground,mapped,Perth,Perth,Western Australia,AU,Australia,-31.9522,115.8614,Australia/Perth,AU GB PK NZ JM TT BB GY LC VC AG GD KN DM LK IN TH ZA BD,open-meteo-geocoding,
Wanderers,wanderers,mapped,Windhoek,Windhoek,Khomas Region,NA,Namibia,-22.5594,17.0832,Africa/Windhoek,UG NA,open-meteo-geocoding,
Wanderers Cricket Ground,wanderers cricket ground,mapped,Windhoek,Windhoek,Khomas Region,NA,Namibia,-22.5594,17.0832,Africa/Windhoek,NA KE UG CA NL AE TZ NP ZW OM PG US HK GB IE,open-meteo-geocoding,
"Wanderers Cricket Ground, Windhoek",wanderers cricket ground windhoek,mapped,Windhoek,Windhoek,Khomas Region,NA,Namibia,-22.5594,17.0832,Africa/Windhoek,NA AE ZW US UG PG CA RW TZ JE NG KE NL OM,open-meteo-geocoding,
Wankhede Stadium,wankhede stadium,mapped,Mumbai,Mumbai,Maharashtra,IN,India,19.0728,72.8826,Asia/Kolkata,IN GB JM TT BB GY LC VC AG GD KN DM NZ LK AU ZA CA,open-meteo-geocoding,
"Wankhede Stadium, Mumbai",wankhede stadium mumbai,mapped,Mumbai,Mumbai,Maharashtra,IN,India,19.0728,72.8826,Asia/Kolkata,IN GB AU NP NZ JM TT BB GY LC VC AG GD KN DM LK ZA BD US IT ZW,open-meteo-geocoding,
"Warner Park, Basseterre",warner park basseterre,mapped,St Kitts,St Kitts,South Australia,AU,Australia,-34.3517,139.0852,Australia/Adelaide,JM TT BB GY LC VC AG GD KN DM US AU BD ZA GB NL NZ IN PK,open-meteo-geocoding,
"Warner Park, Basseterre, St Kitts",warner park basseterre st kitts,mapped,Basseterre,Basse Terre,Princes Town,TT,Trinidad and Tobago,10.1273,-61.2962,America/Port_of_Spain,JM TT BB GY LC VC AG GD KN DM US BD AU IN,open-meteo-geocoding,
"Warner Park, St Kitts",warner park st kitts,mapped,Basseterre,Basse Terre,Princes Town,TT,Trinidad and Tobago,10.1273,-61.2962,America/Port_of_Spain,JM TT BB GY LC VC AG GD KN DM GB IE,open-meteo-geocoding,
Waverley Oval,waverley oval,mapped,Sydney,Sydney,New South Wales,AU,Australia,-33.8678,151.2073,Australia/Sydney,AU,open-meteo-geocoding,
Welagedara Stadium,welagedara stadium,mapped,Kurunegala,Kurunegala,North Western Province,LK,Sri Lanka,7.4839,80.3683,Asia/Colombo,LK IN,open-meteo-geocoding,
"Welagedara Stadium, Kurunegala",welagedara stadium kurunegala,mapped,Kurunegala,Kurunegala,North Western Province,LK,Sri Lanka,7.4839,80.3683,Asia/Colombo,LK,open-meteo-geocoding,
Welbeck Abbey Cricket Ground,welbeck abbey cricket ground,mapped,Worksop,Worksop,England,GB,United Kingdom,53.3018,-1.1240,Europe/London,GB,open-meteo-geocoding,"hand-curated: the ground's city, country pinned"
"Welbeck Colliery Cricket Club Ground, Market Warsop",welbeck colliery cricket club ground market warsop,mapped,Market Warsop,Market Warsop,England,GB,United Kingdom,53.2052,-1.1526,Europe/London,GB,open-meteo-geocoding,
West End Park International Cricket Stadium,west end park international cricket stadium,mapped,Doha,Doha,Balochistan,PK,Pakistan,30.6071,68.6150,Asia/Karachi,PK ZA IE GB,open-meteo-geocoding,
"West End Park International Cricket Stadium, Doha",west end park international cricket stadium doha,mapped,Doha,Doha,Baladiyat ad Dawhah,QA,Qatar,25.2855,51.5310,Asia/Qatar,QA BH SA KW MV OM AE TH NP KH BT HK,open-meteo-geocoding,
West Mersea Cricket Club,west mersea cricket club,mapped,West Mersea,West Mersea,England,GB,United Kingdom,51.7780,0.9187,Europe/London,NO VU,open-meteo-geocoding,"hand-curated: the ground's city, country pinned"
West Park Oval,west park oval,mapped,Burnie,Burnie,Tasmania,AU,Australia,-41.0558,145.9038,Australia/Hobart,AU,open-meteo-geocoding,
Western Australia Cricket Association Ground,western australia cricket association ground,mapped,Perth,Perth,Western Australia,AU,Australia,-31.9522,115.8614,Australia/Perth,AU ZA GB IN LK NZ JM TT BB GY LC VC AG GD KN DM PK AE,open-meteo-geocoding,
"Western Australia Cricket Association Ground, Perth",western australia cricket association ground perth,mapped,Perth,Perth,Western Australia,AU,Australia,-31.9522,115.8614,Australia/Perth,AU IN ZW ZA,open-meteo-geocoding,
"Westpac Park, Hamilton",westpac park hamilton,mapped,Hamilton,Hamilton,Waikato Region,NZ,New Zealand,-37.7833,175.2833,Pacific/Auckland,IN NZ,open-meteo-geocoding,
Westpac Stadium,westpac stadium,mapped,Wellington,Wellington,Wellington Region,NZ,New Zealand,-41.2866,174.7756,Pacific/Auckland,NZ GB IN AU ZA PK LK JM TT BB GY LC VC AG GD KN DM AE,open-meteo-geocoding,
"Westpac Stadium, Wellington",westpac stadium wellington,mapped,Wellington,Wellington,Wellington Region,NZ,New Zealand,-41.2866,174.7756,Pacific/Auckland,NZ IN,open-meteo-geocoding,
"White Hill Field, Sandys Parish",white hill field sandys parish,mapped,Hamilton,Hamilton,Hamilton city,BM,,32.2949,-64.7830,Atlantic/Bermuda,BM KY CA PA US BS BR BZ,open-meteo-geocoding,
White Hills Oval,white hills oval,mapped,Bendigo,Bendigo,Victoria,AU,Australia,-36.7582,144.2802,Australia/Melbourne,FJ ID JP PH,open-meteo-geocoding,country not among the archive's votes
"Whitegate Park, Blackpool",whitegate park blackpool,mapped,Blackpool,Blackpool,England,GB,United Kingdom,53.8167,-3.0500,Europe/London,GB,open-meteo-geocoding,
Willowmoore Park,willowmoore park,mapped,Benoni,Benoni,Gauteng,ZA,South Africa,-26.1885,28.3208,Africa/Johannesburg,ZA GB PK ZW CA IE NG TZ SL ZM GH QA JE GG BM NL BW KY DE VU BD AU,open-meteo-geocoding,
Willowmoore Park A Field,willowmoore park a field,mapped,Benoni,Benoni,Gauteng,ZA,South Africa,-26.1885,28.3208,Africa/Johannesburg,IT KY GG VU GH DE,open-meteo-geocoding,country not among the archive's votes
Willowmoore Park B Field,willowmoore park b field,mapped,Benoni,Benoni,Gauteng,ZA,South Africa,-26.1885,28.3208,Africa/Johannesburg,GH SL NG BW VU JE TZ ZM IT GG DE,open-meteo-geocoding,country not among the archive's votes
Willowmoore Park C Field,willowmoore park c field,mapped,Benoni,Benoni,Gauteng,ZA,South Africa,-26.1885,28.3208,Africa/Johannesburg,BW ZM TZ GH QA NG SL IT DE VU JE,open-meteo-geocoding,country not among the archive's votes
"Willowmoore Park, Benoni",willowmoore park benoni,mapped,Benoni,Benoni,Gauteng,ZA,South Africa,-26.1885,28.3208,Africa/Johannesburg,ZA UG BW TZ KE GH MZ NZ BD PK MW CM NL LK GB IN JM TT BB GY LC VC AG GD KN DM CA,open-meteo-geocoding,
"Windsor Park, Roseau",windsor park roseau,mapped,Dominica,Dominica,,DM,Dominica,15.5000,-61.3333,America/Dominica,JM TT BB GY LC VC AG GD KN DM BD ZA AU NZ PK IN ZW,open-meteo-geocoding,
"Windsor Park, Roseau, Dominica",windsor park roseau dominica,mapped,Roseau,Roseau,Anse-la-Raye,LC,Saint Lucia,13.9537,-61.0244,America/St_Lucia,JM TT BB GY LC VC AG GD KN DM BD IN,open-meteo-geocoding,
"Wong Cricket Field, Woodley Park",wong cricket field woodley park,mapped,Los Angeles,Los Angeles,California,US,United States,34.0522,-118.2437,America/Los_Angeles,US IT BM DK OM JE,open-meteo-geocoding,
"Woodbridge Road, Guildford",woodbridge road guildford,mapped,Guildford,Guildford,England,GB,United Kingdom,51.2354,-0.5743,Europe/London,GB,open-meteo-geocoding,
"Woodley Cricket Field, Los Angeles",woodley cricket field los angeles,mapped,Los Angeles,Los Angeles,California,US,United States,34.0522,-118.2437,America/Los_Angeles,US AR CA BR,open-meteo-geocoding,
"Woodvale Road, Eglinton",woodvale road eglinton,mapped,Eglinton,Eglinton,Northern Ireland,GB,United Kingdom,55.0167,-7.1833,Europe/London,IE GB,open-meteo-geocoding,
"Wright Cricket Field, Woodley Park",wright cricket field woodley park,mapped,Los Angeles,Los Angeles,California,US,United States,34.0522,-118.2437,America/Los_Angeles,DK BM IT JE US OM,open-meteo-geocoding,
YMCA Cricket Club,ymca cricket club,mapped,Dublin,Dublin,Leinster,IE,Ireland,53.3331,-6.2489,Europe/Dublin,IE GB PK AU NL LK NZ BD JM TT BB GY LC VC AG GD KN DM TH,open-meteo-geocoding,
"YSD-UKM Cricket Oval, Bangi",ysd ukm cricket oval bangi,mapped,Bangi,Bangi,Selangor,MY,Malaysia,2.9000,101.7833,Asia/Kuala_Lumpur,MY NP KW MM CN OM HK AE SG MN SA MV PH JP TH ID BT BH,open-meteo-geocoding,
Yeonhui Cricket Ground,yeonhui cricket ground,mapped,Incheon,Incheon,Incheon,KR,South Korea,37.4565,126.7052,Asia/Seoul,CN HK KR MY LK NP BD JP TH PK KW MV,open-meteo-geocoding,
"Yeonhui Cricket Ground, Incheon",yeonhui cricket ground incheon,mapped,Incheon,Incheon,Incheon,KR,South Korea,37.4565,126.7052,Asia/Seoul,JP KR ID PH HK CN,open-meteo-geocoding,
York Cricket Club,york cricket club,mapped,York,York,England,GB,United Kingdom,53.9576,-1.0827,Europe/London,GB,open-meteo-geocoding,
Zahur Ahmed Chowdhury Stadium,zahur ahmed chowdhury stadium,mapped,Chittagong,Chittagong,Chittagong,BD,Bangladesh,22.3384,91.8317,Asia/Dhaka,BD ZW LK GB ZA JM TT BB GY LC VC AG GD KN DM NL NZ IN PK HK NP AU,open-meteo-geocoding,
"Zahur Ahmed Chowdhury Stadium, Chattogram",zahur ahmed chowdhury stadium chattogram,mapped,Chattogram,Chittagong,Chittagong,BD,Bangladesh,22.3384,91.8317,Asia/Dhaka,BD ZW LK GB PK IE IN ZA,open-meteo-geocoding,
"Zahur Ahmed Chowdhury Stadium, Chittagong",zahur ahmed chowdhury stadium chittagong,mapped,Chattogram,Chittagong,Chittagong,BD,Bangladesh,22.3384,91.8317,Asia/Dhaka,BD,open-meteo-geocoding,
Zayed Cricket Stadium,zayed cricket stadium,mapped,Abu Dhabi,Abu Dhabi,Abu Dhabi Emirate,AE,United Arab Emirates,24.4512,54.3970,Asia/Dubai,US IT IE GB UG,open-meteo-geocoding,country not among the archive's votes
"Zayed Cricket Stadium, Abu Dhabi",zayed cricket stadium abu dhabi,mapped,Abu Dhabi,Abu Dhabi,Abu Dhabi Emirate,AE,United Arab Emirates,24.4512,54.3970,Asia/Dubai,AE GB IE IN LK ZA NL NA BD AU PK JM TT BB GY LC VC AG GD KN DM ZW VU US UG OM NZ TH HK,open-meteo-geocoding,
Zhejiang University of Technology Cricket Field,zhejiang university of technology cricket field,mapped,Hangzhou,Hangzhou,Zhejiang,CN,China,30.2936,120.1614,Asia/Shanghai,IN BD MN HK PK CN MM LK MY NP TH,open-meteo-geocoding,
Zohur Ahmed Chowdhury Stadium,zohur ahmed chowdhury stadium,mapped,Chittagong,Chittagong,Chittagong,BD,Bangladesh,22.3384,91.8317,Asia/Dhaka,BD ZW GB,open-meteo-geocoding,
